2026-04-11 21:47:08,090 | INFO | === ZAPOČINJEM GRUPIRANJE PATCHEVA ===
2026-04-11 21:47:08,154 | INFO | Pronađeno ukupno 31800 patcheva na disku.
2026-04-11 21:47:08,180 | INFO | Identificirano 3016 jedinstvenih geografskih lokacija.
2026-04-11 21:47:08,181 | INFO | Slažem vremenske sekvence (4+1)...
2026-04-11 21:47:08,294 | INFO | Spremljeno 10 batcheva... (Ukupno sekvenci: 10)
2026-04-11 21:47:08,439 | INFO | Spremljeno 20 batcheva... (Ukupno sekvenci: 20)
2026-04-11 21:47:08,547 | INFO | Spremljeno 30 batcheva... (Ukupno sekvenci: 30)
2026-04-11 21:47:08,698 | INFO | Spremljeno 40 batcheva... (Ukupno sekvenci: 40)
2026-04-11 21:47:08,846 | INFO | Spremljeno 50 batcheva... (Ukupno sekvenci: 50)
2026-04-11 21:47:09,002 | INFO | Spremljeno 60 batcheva... (Ukupno sekvenci: 60)
2026-04-11 21:47:09,221 | INFO | Spremljeno 70 batcheva... (Ukupno sekvenci: 70)
2026-04-11 21:47:09,446 | INFO | Spremljeno 80 batcheva... (Ukupno sekvenci: 80)
2026-04-11 21:47:09,664 | INFO | Spremljeno 90 batcheva... (Ukupno sekvenci: 90)
2026-04-11 21:47:09,884 | INFO | Spremljeno 100 batcheva... (Ukupno sekvenci: 100)
2026-04-11 21:47:10,101 | INFO | Spremljeno 110 batcheva... (Ukupno sekvenci: 110)
2026-04-11 21:47:10,318 | INFO | Spremljeno 120 batcheva... (Ukupno sekvenci: 120)
2026-04-11 21:47:10,542 | INFO | Spremljeno 130 batcheva... (Ukupno sekvenci: 130)
2026-04-11 21:47:10,763 | INFO | Spremljeno 140 batcheva... (Ukupno sekvenci: 140)
2026-04-11 21:47:10,988 | INFO | Spremljeno 150 batcheva... (Ukupno sekvenci: 150)
2026-04-11 21:47:11,211 | INFO | Spremljeno 160 batcheva... (Ukupno sekvenci: 160)
2026-04-11 21:47:11,449 | INFO | Spremljeno 170 batcheva... (Ukupno sekvenci: 170)
2026-04-11 21:47:11,676 | INFO | Spremljeno 180 batcheva... (Ukupno sekvenci: 180)
2026-04-11 21:47:11,910 | INFO | Spremljeno 190 batcheva... (Ukupno sekvenci: 190)
2026-04-11 21:47:12,142 | INFO | Spremljeno 200 batcheva... (Ukupno sekvenci: 200)
2026-04-11 21:47:12,379 | INFO | Spremljeno 210 batcheva... (Ukupno sekvenci: 210)
2026-04-11 21:47:12,623 | INFO | Spremljeno 220 batcheva... (Ukupno sekvenci: 220)
2026-04-11 21:47:12,855 | INFO | Spremljeno 230 batcheva... (Ukupno sekvenci: 230)
2026-04-11 21:47:13,067 | INFO | Spremljeno 240 batcheva... (Ukupno sekvenci: 240)
2026-04-11 21:47:13,287 | INFO | Spremljeno 250 batcheva... (Ukupno sekvenci: 250)
2026-04-11 21:47:13,503 | INFO | Spremljeno 260 batcheva... (Ukupno sekvenci: 260)
2026-04-11 21:47:13,725 | INFO | Spremljeno 270 batcheva... (Ukupno sekvenci: 270)
2026-04-11 21:47:13,961 | INFO | Spremljeno 280 batcheva... (Ukupno sekvenci: 280)
2026-04-11 21:47:14,480 | INFO | Spremljeno 290 batcheva... (Ukupno sekvenci: 290)
2026-04-11 21:47:14,718 | INFO | Spremljeno 300 batcheva... (Ukupno sekvenci: 300)
2026-04-11 21:47:14,952 | INFO | Spremljeno 310 batcheva... (Ukupno sekvenci: 310)
2026-04-11 21:47:15,167 | INFO | Spremljeno 320 batcheva... (Ukupno sekvenci: 320)
2026-04-11 21:47:15,385 | INFO | Spremljeno 330 batcheva... (Ukupno sekvenci: 330)
2026-04-11 21:47:15,606 | INFO | Spremljeno 340 batcheva... (Ukupno sekvenci: 340)
2026-04-11 21:47:15,796 | INFO | Spremljeno 350 batcheva... (Ukupno sekvenci: 350)
2026-04-11 21:47:15,892 | INFO | Spremljeno 360 batcheva... (Ukupno sekvenci: 360)
2026-04-11 21:47:16,101 | INFO | Spremljeno 370 batcheva... (Ukupno sekvenci: 370)
2026-04-11 21:47:16,322 | INFO | Spremljeno 380 batcheva... (Ukupno sekvenci: 380)
2026-04-11 21:47:16,528 | INFO | Spremljeno 390 batcheva... (Ukupno sekvenci: 390)
2026-04-11 21:47:16,744 | INFO | Spremljeno 400 batcheva... (Ukupno sekvenci: 400)
2026-04-11 21:47:16,959 | INFO | Spremljeno 410 batcheva... (Ukupno sekvenci: 410)
2026-04-11 21:47:17,163 | INFO | Spremljeno 420 batcheva... (Ukupno sekvenci: 420)
2026-04-11 21:47:17,371 | INFO | Spremljeno 430 batcheva... (Ukupno sekvenci: 430)
2026-04-11 21:47:17,589 | INFO | Spremljeno 440 batcheva... (Ukupno sekvenci: 440)
2026-04-11 21:47:17,799 | INFO | Spremljeno 450 batcheva... (Ukupno sekvenci: 450)
2026-04-11 21:47:18,015 | INFO | Spremljeno 460 batcheva... (Ukupno sekvenci: 460)
2026-04-11 21:47:18,241 | INFO | Spremljeno 470 batcheva... (Ukupno sekvenci: 470)
2026-04-11 21:47:18,463 | INFO | Spremljeno 480 batcheva... (Ukupno sekvenci: 480)
2026-04-11 21:47:18,687 | INFO | Spremljeno 490 batcheva... (Ukupno sekvenci: 490)
2026-04-11 21:47:18,909 | INFO | Spremljeno 500 batcheva... (Ukupno sekvenci: 500)
2026-04-11 21:47:19,134 | INFO | Spremljeno 510 batcheva... (Ukupno sekvenci: 510)
2026-04-11 21:47:19,374 | INFO | Spremljeno 520 batcheva... (Ukupno sekvenci: 520)
2026-04-11 21:47:19,597 | INFO | Spremljeno 530 batcheva... (Ukupno sekvenci: 530)
2026-04-11 21:47:19,822 | INFO | Spremljeno 540 batcheva... (Ukupno sekvenci: 540)
2026-04-11 21:47:20,048 | INFO | Spremljeno 550 batcheva... (Ukupno sekvenci: 550)
2026-04-11 21:47:20,274 | INFO | Spremljeno 560 batcheva... (Ukupno sekvenci: 560)
2026-04-11 21:47:20,492 | INFO | Spremljeno 570 batcheva... (Ukupno sekvenci: 570)
2026-04-11 21:47:20,716 | INFO | Spremljeno 580 batcheva... (Ukupno sekvenci: 580)
2026-04-11 21:47:20,932 | INFO | Spremljeno 590 batcheva... (Ukupno sekvenci: 590)
2026-04-11 21:47:21,150 | INFO | Spremljeno 600 batcheva... (Ukupno sekvenci: 600)
2026-04-11 21:47:21,370 | INFO | Spremljeno 610 batcheva... (Ukupno sekvenci: 610)
2026-04-11 21:47:21,597 | INFO | Spremljeno 620 batcheva... (Ukupno sekvenci: 620)
2026-04-11 21:47:21,813 | INFO | Spremljeno 630 batcheva... (Ukupno sekvenci: 630)
2026-04-11 21:47:22,030 | INFO | Spremljeno 640 batcheva... (Ukupno sekvenci: 640)
2026-04-11 21:47:22,252 | INFO | Spremljeno 650 batcheva... (Ukupno sekvenci: 650)
2026-04-11 21:47:22,479 | INFO | Spremljeno 660 batcheva... (Ukupno sekvenci: 660)
2026-04-11 21:47:22,682 | INFO | Spremljeno 670 batcheva... (Ukupno sekvenci: 670)
2026-04-11 21:47:22,777 | INFO | Spremljeno 680 batcheva... (Ukupno sekvenci: 680)
2026-04-11 21:47:22,899 | INFO | Spremljeno 690 batcheva... (Ukupno sekvenci: 690)
2026-04-11 21:47:23,113 | INFO | Spremljeno 700 batcheva... (Ukupno sekvenci: 700)
2026-04-11 21:47:23,333 | INFO | Spremljeno 710 batcheva... (Ukupno sekvenci: 710)
2026-04-11 21:47:23,546 | INFO | Spremljeno 720 batcheva... (Ukupno sekvenci: 720)
2026-04-11 21:47:23,761 | INFO | Spremljeno 730 batcheva... (Ukupno sekvenci: 730)
2026-04-11 21:47:23,978 | INFO | Spremljeno 740 batcheva... (Ukupno sekvenci: 740)
2026-04-11 21:47:24,184 | INFO | Spremljeno 750 batcheva... (Ukupno sekvenci: 750)
2026-04-11 21:47:24,400 | INFO | Spremljeno 760 batcheva... (Ukupno sekvenci: 760)
2026-04-11 21:47:24,613 | INFO | Spremljeno 770 batcheva... (Ukupno sekvenci: 770)
2026-04-11 21:47:24,863 | INFO | Spremljeno 780 batcheva... (Ukupno sekvenci: 780)
2026-04-11 21:47:25,073 | INFO | Spremljeno 790 batcheva... (Ukupno sekvenci: 790)
2026-04-11 21:47:25,297 | INFO | Spremljeno 800 batcheva... (Ukupno sekvenci: 800)
2026-04-11 21:47:25,516 | INFO | Spremljeno 810 batcheva... (Ukupno sekvenci: 810)
2026-04-11 21:47:25,736 | INFO | Spremljeno 820 batcheva... (Ukupno sekvenci: 820)
2026-04-11 21:47:25,954 | INFO | Spremljeno 830 batcheva... (Ukupno sekvenci: 830)
2026-04-11 21:47:26,174 | INFO | Spremljeno 840 batcheva... (Ukupno sekvenci: 840)
2026-04-11 21:47:26,399 | INFO | Spremljeno 850 batcheva... (Ukupno sekvenci: 850)
2026-04-11 21:47:26,615 | INFO | Spremljeno 860 batcheva... (Ukupno sekvenci: 860)
2026-04-11 21:47:26,829 | INFO | Spremljeno 870 batcheva... (Ukupno sekvenci: 870)
2026-04-11 21:47:27,047 | INFO | Spremljeno 880 batcheva... (Ukupno sekvenci: 880)
2026-04-11 21:47:27,266 | INFO | Spremljeno 890 batcheva... (Ukupno sekvenci: 890)
2026-04-11 21:47:27,488 | INFO | Spremljeno 900 batcheva... (Ukupno sekvenci: 900)
2026-04-11 21:47:27,712 | INFO | Spremljeno 910 batcheva... (Ukupno sekvenci: 910)
2026-04-11 21:47:27,935 | INFO | Spremljeno 920 batcheva... (Ukupno sekvenci: 920)
2026-04-11 21:47:28,150 | INFO | Spremljeno 930 batcheva... (Ukupno sekvenci: 930)
2026-04-11 21:47:28,376 | INFO | Spremljeno 940 batcheva... (Ukupno sekvenci: 940)
2026-04-11 21:47:28,601 | INFO | Spremljeno 950 batcheva... (Ukupno sekvenci: 950)
2026-04-11 21:47:28,819 | INFO | Spremljeno 960 batcheva... (Ukupno sekvenci: 960)
2026-04-11 21:47:29,035 | INFO | Spremljeno 970 batcheva... (Ukupno sekvenci: 970)
2026-04-11 21:47:29,250 | INFO | Spremljeno 980 batcheva... (Ukupno sekvenci: 980)
2026-04-11 21:47:29,474 | INFO | Spremljeno 990 batcheva... (Ukupno sekvenci: 990)
2026-04-11 21:47:29,693 | INFO | Spremljeno 1000 batcheva... (Ukupno sekvenci: 1000)
2026-04-11 21:47:29,849 | INFO | Spremljeno 1010 batcheva... (Ukupno sekvenci: 1010)
2026-04-11 21:47:29,917 | INFO | Spremljeno 1020 batcheva... (Ukupno sekvenci: 1020)
2026-04-11 21:47:30,124 | INFO | Spremljeno 1030 batcheva... (Ukupno sekvenci: 1030)
2026-04-11 21:47:30,341 | INFO | Spremljeno 1040 batcheva... (Ukupno sekvenci: 1040)
2026-04-11 21:47:30,566 | INFO | Spremljeno 1050 batcheva... (Ukupno sekvenci: 1050)
2026-04-11 21:47:30,786 | INFO | Spremljeno 1060 batcheva... (Ukupno sekvenci: 1060)
2026-04-11 21:47:30,994 | INFO | Spremljeno 1070 batcheva... (Ukupno sekvenci: 1070)
2026-04-11 21:47:31,204 | INFO | Spremljeno 1080 batcheva... (Ukupno sekvenci: 1080)
2026-04-11 21:47:31,418 | INFO | Spremljeno 1090 batcheva... (Ukupno sekvenci: 1090)
2026-04-11 21:47:31,628 | INFO | Spremljeno 1100 batcheva... (Ukupno sekvenci: 1100)
2026-04-11 21:47:31,845 | INFO | Spremljeno 1110 batcheva... (Ukupno sekvenci: 1110)
2026-04-11 21:47:32,072 | INFO | Spremljeno 1120 batcheva... (Ukupno sekvenci: 1120)
2026-04-11 21:47:32,288 | INFO | Spremljeno 1130 batcheva... (Ukupno sekvenci: 1130)
2026-04-11 21:47:32,499 | INFO | Spremljeno 1140 batcheva... (Ukupno sekvenci: 1140)
2026-04-11 21:47:32,714 | INFO | Spremljeno 1150 batcheva... (Ukupno sekvenci: 1150)
2026-04-11 21:47:32,935 | INFO | Spremljeno 1160 batcheva... (Ukupno sekvenci: 1160)
2026-04-11 21:47:33,154 | INFO | Spremljeno 1170 batcheva... (Ukupno sekvenci: 1170)
2026-04-11 21:47:33,373 | INFO | Spremljeno 1180 batcheva... (Ukupno sekvenci: 1180)
2026-04-11 21:47:33,592 | INFO | Spremljeno 1190 batcheva... (Ukupno sekvenci: 1190)
2026-04-11 21:47:33,811 | INFO | Spremljeno 1200 batcheva... (Ukupno sekvenci: 1200)
2026-04-11 21:47:34,031 | INFO | Spremljeno 1210 batcheva... (Ukupno sekvenci: 1210)
2026-04-11 21:47:34,255 | INFO | Spremljeno 1220 batcheva... (Ukupno sekvenci: 1220)
2026-04-11 21:47:34,473 | INFO | Spremljeno 1230 batcheva... (Ukupno sekvenci: 1230)
2026-04-11 21:47:34,692 | INFO | Spremljeno 1240 batcheva... (Ukupno sekvenci: 1240)
2026-04-11 21:47:34,915 | INFO | Spremljeno 1250 batcheva... (Ukupno sekvenci: 1250)
2026-04-11 21:47:35,140 | INFO | Spremljeno 1260 batcheva... (Ukupno sekvenci: 1260)
2026-04-11 21:47:35,364 | INFO | Spremljeno 1270 batcheva... (Ukupno sekvenci: 1270)
2026-04-11 21:47:35,584 | INFO | Spremljeno 1280 batcheva... (Ukupno sekvenci: 1280)
2026-04-11 21:47:35,803 | INFO | Spremljeno 1290 batcheva... (Ukupno sekvenci: 1290)
2026-04-11 21:47:36,054 | INFO | Spremljeno 1300 batcheva... (Ukupno sekvenci: 1300)
2026-04-11 21:47:36,276 | INFO | Spremljeno 1310 batcheva... (Ukupno sekvenci: 1310)
2026-04-11 21:47:36,501 | INFO | Spremljeno 1320 batcheva... (Ukupno sekvenci: 1320)
2026-04-11 21:47:36,719 | INFO | Spremljeno 1330 batcheva... (Ukupno sekvenci: 1330)
2026-04-11 21:47:36,933 | INFO | Spremljeno 1340 batcheva... (Ukupno sekvenci: 1340)
2026-04-11 21:47:37,099 | INFO | Spremljeno 1350 batcheva... (Ukupno sekvenci: 1350)
2026-04-11 21:47:37,171 | INFO | Spremljeno 1360 batcheva... (Ukupno sekvenci: 1360)
2026-04-11 21:47:37,317 | INFO | Spremljeno 1370 batcheva... (Ukupno sekvenci: 1370)
2026-04-11 21:47:37,528 | INFO | Spremljeno 1380 batcheva... (Ukupno sekvenci: 1380)
2026-04-11 21:47:37,749 | INFO | Spremljeno 1390 batcheva... (Ukupno sekvenci: 1390)
2026-04-11 21:47:37,972 | INFO | Spremljeno 1400 batcheva... (Ukupno sekvenci: 1400)
2026-04-11 21:47:38,191 | INFO | Spremljeno 1410 batcheva... (Ukupno sekvenci: 1410)
2026-04-11 21:47:38,401 | INFO | Spremljeno 1420 batcheva... (Ukupno sekvenci: 1420)
2026-04-11 21:47:38,622 | INFO | Spremljeno 1430 batcheva... (Ukupno sekvenci: 1430)
2026-04-11 21:47:38,828 | INFO | Spremljeno 1440 batcheva... (Ukupno sekvenci: 1440)
2026-04-11 21:47:39,052 | INFO | Spremljeno 1450 batcheva... (Ukupno sekvenci: 1450)
2026-04-11 21:47:39,281 | INFO | Spremljeno 1460 batcheva... (Ukupno sekvenci: 1460)
2026-04-11 21:47:39,511 | INFO | Spremljeno 1470 batcheva... (Ukupno sekvenci: 1470)
2026-04-11 21:47:39,722 | INFO | Spremljeno 1480 batcheva... (Ukupno sekvenci: 1480)
2026-04-11 21:47:39,953 | INFO | Spremljeno 1490 batcheva... (Ukupno sekvenci: 1490)
2026-04-11 21:47:40,173 | INFO | Spremljeno 1500 batcheva... (Ukupno sekvenci: 1500)
2026-04-11 21:47:40,403 | INFO | Spremljeno 1510 batcheva... (Ukupno sekvenci: 1510)
2026-04-11 21:47:40,633 | INFO | Spremljeno 1520 batcheva... (Ukupno sekvenci: 1520)
2026-04-11 21:47:40,853 | INFO | Spremljeno 1530 batcheva... (Ukupno sekvenci: 1530)
2026-04-11 21:47:41,093 | INFO | Spremljeno 1540 batcheva... (Ukupno sekvenci: 1540)
2026-04-11 21:47:41,322 | INFO | Spremljeno 1550 batcheva... (Ukupno sekvenci: 1550)
2026-04-11 21:47:41,543 | INFO | Spremljeno 1560 batcheva... (Ukupno sekvenci: 1560)
2026-04-11 21:47:41,778 | INFO | Spremljeno 1570 batcheva... (Ukupno sekvenci: 1570)
2026-04-11 21:47:41,992 | INFO | Spremljeno 1580 batcheva... (Ukupno sekvenci: 1580)
2026-04-11 21:47:42,223 | INFO | Spremljeno 1590 batcheva... (Ukupno sekvenci: 1590)
2026-04-11 21:47:42,449 | INFO | Spremljeno 1600 batcheva... (Ukupno sekvenci: 1600)
2026-04-11 21:47:42,680 | INFO | Spremljeno 1610 batcheva... (Ukupno sekvenci: 1610)
2026-04-11 21:47:42,908 | INFO | Spremljeno 1620 batcheva... (Ukupno sekvenci: 1620)
2026-04-11 21:47:43,130 | INFO | Spremljeno 1630 batcheva... (Ukupno sekvenci: 1630)
2026-04-11 21:47:43,375 | INFO | Spremljeno 1640 batcheva... (Ukupno sekvenci: 1640)
2026-04-11 21:47:43,613 | INFO | Spremljeno 1650 batcheva... (Ukupno sekvenci: 1650)
2026-04-11 21:47:43,864 | INFO | Spremljeno 1660 batcheva... (Ukupno sekvenci: 1660)
2026-04-11 21:47:44,113 | INFO | Spremljeno 1670 batcheva... (Ukupno sekvenci: 1670)
2026-04-11 21:47:44,352 | INFO | Spremljeno 1680 batcheva... (Ukupno sekvenci: 1680)
2026-04-11 21:47:44,586 | INFO | Spremljeno 1690 batcheva... (Ukupno sekvenci: 1690)
2026-04-11 21:47:44,731 | INFO | Spremljeno 1700 batcheva... (Ukupno sekvenci: 1700)
2026-04-11 21:47:44,881 | INFO | Spremljeno 1710 batcheva... (Ukupno sekvenci: 1710)
2026-04-11 21:47:45,111 | INFO | Spremljeno 1720 batcheva... (Ukupno sekvenci: 1720)
2026-04-11 21:47:45,332 | INFO | Spremljeno 1730 batcheva... (Ukupno sekvenci: 1730)
2026-04-11 21:47:45,559 | INFO | Spremljeno 1740 batcheva... (Ukupno sekvenci: 1740)
2026-04-11 21:47:45,795 | INFO | Spremljeno 1750 batcheva... (Ukupno sekvenci: 1750)
2026-04-11 21:47:46,016 | INFO | Spremljeno 1760 batcheva... (Ukupno sekvenci: 1760)
2026-04-11 21:47:46,244 | INFO | Spremljeno 1770 batcheva... (Ukupno sekvenci: 1770)
2026-04-11 21:47:46,469 | INFO | Spremljeno 1780 batcheva... (Ukupno sekvenci: 1780)
2026-04-11 21:47:46,699 | INFO | Spremljeno 1790 batcheva... (Ukupno sekvenci: 1790)
2026-04-11 21:47:46,939 | INFO | Spremljeno 1800 batcheva... (Ukupno sekvenci: 1800)
2026-04-11 21:47:47,182 | INFO | Spremljeno 1810 batcheva... (Ukupno sekvenci: 1810)
2026-04-11 21:47:47,433 | INFO | Spremljeno 1820 batcheva... (Ukupno sekvenci: 1820)
2026-04-11 21:47:47,669 | INFO | Spremljeno 1830 batcheva... (Ukupno sekvenci: 1830)
2026-04-11 21:47:47,902 | INFO | Spremljeno 1840 batcheva... (Ukupno sekvenci: 1840)
2026-04-11 21:47:48,120 | INFO | Spremljeno 1850 batcheva... (Ukupno sekvenci: 1850)
2026-04-11 21:47:48,356 | INFO | Spremljeno 1860 batcheva... (Ukupno sekvenci: 1860)
2026-04-11 21:47:48,589 | INFO | Spremljeno 1870 batcheva... (Ukupno sekvenci: 1870)
2026-04-11 21:47:48,814 | INFO | Spremljeno 1880 batcheva... (Ukupno sekvenci: 1880)
2026-04-11 21:47:49,053 | INFO | Spremljeno 1890 batcheva... (Ukupno sekvenci: 1890)
2026-04-11 21:47:49,286 | INFO | Spremljeno 1900 batcheva... (Ukupno sekvenci: 1900)
2026-04-11 21:47:49,516 | INFO | Spremljeno 1910 batcheva... (Ukupno sekvenci: 1910)
2026-04-11 21:47:49,743 | INFO | Spremljeno 1920 batcheva... (Ukupno sekvenci: 1920)
2026-04-11 21:47:49,974 | INFO | Spremljeno 1930 batcheva... (Ukupno sekvenci: 1930)
2026-04-11 21:47:50,204 | INFO | Spremljeno 1940 batcheva... (Ukupno sekvenci: 1940)
2026-04-11 21:47:50,420 | INFO | Spremljeno 1950 batcheva... (Ukupno sekvenci: 1950)
2026-04-11 21:47:50,638 | INFO | Spremljeno 1960 batcheva... (Ukupno sekvenci: 1960)
2026-04-11 21:47:50,855 | INFO | Spremljeno 1970 batcheva... (Ukupno sekvenci: 1970)
2026-04-11 21:47:51,081 | INFO | Spremljeno 1980 batcheva... (Ukupno sekvenci: 1980)
2026-04-11 21:47:51,307 | INFO | Spremljeno 1990 batcheva... (Ukupno sekvenci: 1990)
2026-04-11 21:47:51,528 | INFO | Spremljeno 2000 batcheva... (Ukupno sekvenci: 2000)
2026-04-11 21:47:51,755 | INFO | Spremljeno 2010 batcheva... (Ukupno sekvenci: 2010)
2026-04-11 21:47:51,981 | INFO | Spremljeno 2020 batcheva... (Ukupno sekvenci: 2020)
2026-04-11 21:47:52,202 | INFO | Spremljeno 2030 batcheva... (Ukupno sekvenci: 2030)
2026-04-11 21:47:52,435 | INFO | Spremljeno 2040 batcheva... (Ukupno sekvenci: 2040)
2026-04-11 21:47:52,523 | INFO | Spremljeno 2050 batcheva... (Ukupno sekvenci: 2050)
2026-04-11 21:47:52,589 | INFO | Spremljeno 2060 batcheva... (Ukupno sekvenci: 2060)
2026-04-11 21:48:10,249 | INFO | === ZAPOČINJEM GRUPIRANJE PATCHEVA ===
2026-04-11 21:48:10,308 | INFO | Pronađeno ukupno 31800 patcheva na disku.
2026-04-11 21:48:10,333 | INFO | Identificirano 3016 jedinstvenih geografskih lokacija.
2026-04-11 21:48:10,333 | INFO | Slažem vremenske sekvence (4+1)...
2026-04-11 21:48:10,413 | INFO | Spremljeno 10 batcheva... (Ukupno sekvenci: 10)
2026-04-11 21:48:10,540 | INFO | Spremljeno 20 batcheva... (Ukupno sekvenci: 20)
2026-04-11 21:48:10,628 | INFO | Spremljeno 30 batcheva... (Ukupno sekvenci: 30)
2026-04-11 21:48:10,763 | INFO | Spremljeno 40 batcheva... (Ukupno sekvenci: 40)
2026-04-11 21:48:10,885 | INFO | Spremljeno 50 batcheva... (Ukupno sekvenci: 50)
2026-04-11 21:48:11,026 | INFO | Spremljeno 60 batcheva... (Ukupno sekvenci: 60)
2026-04-11 21:48:11,222 | INFO | Spremljeno 70 batcheva... (Ukupno sekvenci: 70)
2026-04-11 21:48:11,427 | INFO | Spremljeno 80 batcheva... (Ukupno sekvenci: 80)
2026-04-11 21:48:11,630 | INFO | Spremljeno 90 batcheva... (Ukupno sekvenci: 90)
2026-04-11 21:48:11,828 | INFO | Spremljeno 100 batcheva... (Ukupno sekvenci: 100)
2026-04-11 21:48:12,029 | INFO | Spremljeno 110 batcheva... (Ukupno sekvenci: 110)
2026-04-11 21:48:12,225 | INFO | Spremljeno 120 batcheva... (Ukupno sekvenci: 120)
2026-04-11 21:48:12,426 | INFO | Spremljeno 130 batcheva... (Ukupno sekvenci: 130)
2026-04-11 21:48:12,623 | INFO | Spremljeno 140 batcheva... (Ukupno sekvenci: 140)
2026-04-11 21:48:12,829 | INFO | Spremljeno 150 batcheva... (Ukupno sekvenci: 150)
2026-04-11 21:48:13,051 | INFO | Spremljeno 160 batcheva... (Ukupno sekvenci: 160)
2026-04-11 21:48:13,263 | INFO | Spremljeno 170 batcheva... (Ukupno sekvenci: 170)
2026-04-11 21:48:13,465 | INFO | Spremljeno 180 batcheva... (Ukupno sekvenci: 180)
2026-04-11 21:48:13,677 | INFO | Spremljeno 190 batcheva... (Ukupno sekvenci: 190)
2026-04-11 21:48:13,897 | INFO | Spremljeno 200 batcheva... (Ukupno sekvenci: 200)
2026-04-11 21:48:14,109 | INFO | Spremljeno 210 batcheva... (Ukupno sekvenci: 210)
2026-04-11 21:48:14,309 | INFO | Spremljeno 220 batcheva... (Ukupno sekvenci: 220)
2026-04-11 21:48:14,521 | INFO | Spremljeno 230 batcheva... (Ukupno sekvenci: 230)
2026-04-11 21:48:14,718 | INFO | Spremljeno 240 batcheva... (Ukupno sekvenci: 240)
2026-04-11 21:48:14,915 | INFO | Spremljeno 250 batcheva... (Ukupno sekvenci: 250)
2026-04-11 21:48:15,115 | INFO | Spremljeno 260 batcheva... (Ukupno sekvenci: 260)
2026-04-11 21:48:15,315 | INFO | Spremljeno 270 batcheva... (Ukupno sekvenci: 270)
2026-04-11 21:48:15,523 | INFO | Spremljeno 280 batcheva... (Ukupno sekvenci: 280)
2026-04-11 21:48:15,723 | INFO | Spremljeno 290 batcheva... (Ukupno sekvenci: 290)
2026-04-11 21:48:15,923 | INFO | Spremljeno 300 batcheva... (Ukupno sekvenci: 300)
2026-04-11 21:48:16,123 | INFO | Spremljeno 310 batcheva... (Ukupno sekvenci: 310)
2026-04-11 21:48:16,319 | INFO | Spremljeno 320 batcheva... (Ukupno sekvenci: 320)
2026-04-11 21:48:16,527 | INFO | Spremljeno 330 batcheva... (Ukupno sekvenci: 330)
2026-04-11 21:48:16,727 | INFO | Spremljeno 340 batcheva... (Ukupno sekvenci: 340)
2026-04-11 21:48:16,895 | INFO | Spremljeno 350 batcheva... (Ukupno sekvenci: 350)
2026-04-11 21:48:16,971 | INFO | Spremljeno 360 batcheva... (Ukupno sekvenci: 360)
2026-04-11 21:48:17,161 | INFO | Spremljeno 370 batcheva... (Ukupno sekvenci: 370)
2026-04-11 21:48:17,355 | INFO | Spremljeno 380 batcheva... (Ukupno sekvenci: 380)
2026-04-11 21:48:17,547 | INFO | Spremljeno 390 batcheva... (Ukupno sekvenci: 390)
2026-04-11 21:48:17,743 | INFO | Spremljeno 400 batcheva... (Ukupno sekvenci: 400)
2026-04-11 21:48:17,944 | INFO | Spremljeno 410 batcheva... (Ukupno sekvenci: 410)
2026-04-11 21:48:18,136 | INFO | Spremljeno 420 batcheva... (Ukupno sekvenci: 420)
2026-04-11 21:48:18,328 | INFO | Spremljeno 430 batcheva... (Ukupno sekvenci: 430)
2026-04-11 21:48:18,524 | INFO | Spremljeno 440 batcheva... (Ukupno sekvenci: 440)
2026-04-11 21:48:18,717 | INFO | Spremljeno 450 batcheva... (Ukupno sekvenci: 450)
2026-04-11 21:48:18,911 | INFO | Spremljeno 460 batcheva... (Ukupno sekvenci: 460)
2026-04-11 21:48:19,115 | INFO | Spremljeno 470 batcheva... (Ukupno sekvenci: 470)
2026-04-11 21:48:19,316 | INFO | Spremljeno 480 batcheva... (Ukupno sekvenci: 480)
2026-04-11 21:48:19,521 | INFO | Spremljeno 490 batcheva... (Ukupno sekvenci: 490)
2026-04-11 21:48:19,745 | INFO | Spremljeno 500 batcheva... (Ukupno sekvenci: 500)
2026-04-11 21:48:19,950 | INFO | Spremljeno 510 batcheva... (Ukupno sekvenci: 510)
2026-04-11 21:48:20,146 | INFO | Spremljeno 520 batcheva... (Ukupno sekvenci: 520)
2026-04-11 21:48:20,342 | INFO | Spremljeno 530 batcheva... (Ukupno sekvenci: 530)
2026-04-11 21:48:20,542 | INFO | Spremljeno 540 batcheva... (Ukupno sekvenci: 540)
2026-04-11 21:48:20,738 | INFO | Spremljeno 550 batcheva... (Ukupno sekvenci: 550)
2026-04-11 21:48:20,939 | INFO | Spremljeno 560 batcheva... (Ukupno sekvenci: 560)
2026-04-11 21:48:21,143 | INFO | Spremljeno 570 batcheva... (Ukupno sekvenci: 570)
2026-04-11 21:48:21,339 | INFO | Spremljeno 580 batcheva... (Ukupno sekvenci: 580)
2026-04-11 21:48:21,539 | INFO | Spremljeno 590 batcheva... (Ukupno sekvenci: 590)
2026-04-11 21:48:21,739 | INFO | Spremljeno 600 batcheva... (Ukupno sekvenci: 600)
2026-04-11 21:48:21,935 | INFO | Spremljeno 610 batcheva... (Ukupno sekvenci: 610)
2026-04-11 21:48:22,139 | INFO | Spremljeno 620 batcheva... (Ukupno sekvenci: 620)
2026-04-11 21:48:22,333 | INFO | Spremljeno 630 batcheva... (Ukupno sekvenci: 630)
2026-04-11 21:48:22,528 | INFO | Spremljeno 640 batcheva... (Ukupno sekvenci: 640)
2026-04-11 21:48:22,732 | INFO | Spremljeno 650 batcheva... (Ukupno sekvenci: 650)
2026-04-11 21:48:22,937 | INFO | Spremljeno 660 batcheva... (Ukupno sekvenci: 660)
2026-04-11 21:48:23,124 | INFO | Spremljeno 670 batcheva... (Ukupno sekvenci: 670)
2026-04-11 21:48:23,199 | INFO | Spremljeno 680 batcheva... (Ukupno sekvenci: 680)
2026-04-11 21:48:23,302 | INFO | Spremljeno 690 batcheva... (Ukupno sekvenci: 690)
2026-04-11 21:48:23,499 | INFO | Spremljeno 700 batcheva... (Ukupno sekvenci: 700)
2026-04-11 21:48:23,704 | INFO | Spremljeno 710 batcheva... (Ukupno sekvenci: 710)
2026-04-11 21:48:23,908 | INFO | Spremljeno 720 batcheva... (Ukupno sekvenci: 720)
2026-04-11 21:48:24,101 | INFO | Spremljeno 730 batcheva... (Ukupno sekvenci: 730)
2026-04-11 21:48:24,293 | INFO | Spremljeno 740 batcheva... (Ukupno sekvenci: 740)
2026-04-11 21:48:24,485 | INFO | Spremljeno 750 batcheva... (Ukupno sekvenci: 750)
2026-04-11 21:48:24,683 | INFO | Spremljeno 760 batcheva... (Ukupno sekvenci: 760)
2026-04-11 21:48:24,873 | INFO | Spremljeno 770 batcheva... (Ukupno sekvenci: 770)
2026-04-11 21:48:25,070 | INFO | Spremljeno 780 batcheva... (Ukupno sekvenci: 780)
2026-04-11 21:48:25,269 | INFO | Spremljeno 790 batcheva... (Ukupno sekvenci: 790)
2026-04-11 21:48:25,465 | INFO | Spremljeno 800 batcheva... (Ukupno sekvenci: 800)
2026-04-11 21:48:25,657 | INFO | Spremljeno 810 batcheva... (Ukupno sekvenci: 810)
2026-04-11 21:48:25,858 | INFO | Spremljeno 820 batcheva... (Ukupno sekvenci: 820)
2026-04-11 21:48:26,062 | INFO | Spremljeno 830 batcheva... (Ukupno sekvenci: 830)
2026-04-11 21:48:26,267 | INFO | Spremljeno 840 batcheva... (Ukupno sekvenci: 840)
2026-04-11 21:48:26,471 | INFO | Spremljeno 850 batcheva... (Ukupno sekvenci: 850)
2026-04-11 21:48:26,675 | INFO | Spremljeno 860 batcheva... (Ukupno sekvenci: 860)
2026-04-11 21:48:26,872 | INFO | Spremljeno 870 batcheva... (Ukupno sekvenci: 870)
2026-04-11 21:48:27,072 | INFO | Spremljeno 880 batcheva... (Ukupno sekvenci: 880)
2026-04-11 21:48:27,284 | INFO | Spremljeno 890 batcheva... (Ukupno sekvenci: 890)
2026-04-11 21:48:27,484 | INFO | Spremljeno 900 batcheva... (Ukupno sekvenci: 900)
2026-04-11 21:48:27,688 | INFO | Spremljeno 910 batcheva... (Ukupno sekvenci: 910)
2026-04-11 21:48:27,905 | INFO | Spremljeno 920 batcheva... (Ukupno sekvenci: 920)
2026-04-11 21:48:28,109 | INFO | Spremljeno 930 batcheva... (Ukupno sekvenci: 930)
2026-04-11 21:48:28,314 | INFO | Spremljeno 940 batcheva... (Ukupno sekvenci: 940)
2026-04-11 21:48:28,520 | INFO | Spremljeno 950 batcheva... (Ukupno sekvenci: 950)
2026-04-11 21:48:28,720 | INFO | Spremljeno 960 batcheva... (Ukupno sekvenci: 960)
2026-04-11 21:48:28,914 | INFO | Spremljeno 970 batcheva... (Ukupno sekvenci: 970)
2026-04-11 21:48:29,114 | INFO | Spremljeno 980 batcheva... (Ukupno sekvenci: 980)
2026-04-11 21:48:29,321 | INFO | Spremljeno 990 batcheva... (Ukupno sekvenci: 990)
2026-04-11 21:48:29,519 | INFO | Spremljeno 1000 batcheva... (Ukupno sekvenci: 1000)
2026-04-11 21:48:29,662 | INFO | Spremljeno 1010 batcheva... (Ukupno sekvenci: 1010)
2026-04-11 21:48:29,718 | INFO | Spremljeno 1020 batcheva... (Ukupno sekvenci: 1020)
2026-04-11 21:48:29,910 | INFO | Spremljeno 1030 batcheva... (Ukupno sekvenci: 1030)
2026-04-11 21:48:30,110 | INFO | Spremljeno 1040 batcheva... (Ukupno sekvenci: 1040)
2026-04-11 21:48:30,313 | INFO | Spremljeno 1050 batcheva... (Ukupno sekvenci: 1050)
2026-04-11 21:48:30,509 | INFO | Spremljeno 1060 batcheva... (Ukupno sekvenci: 1060)
2026-04-11 21:48:30,700 | INFO | Spremljeno 1070 batcheva... (Ukupno sekvenci: 1070)
2026-04-11 21:48:30,890 | INFO | Spremljeno 1080 batcheva... (Ukupno sekvenci: 1080)
2026-04-11 21:48:31,084 | INFO | Spremljeno 1090 batcheva... (Ukupno sekvenci: 1090)
2026-04-11 21:48:31,281 | INFO | Spremljeno 1100 batcheva... (Ukupno sekvenci: 1100)
2026-04-11 21:48:31,479 | INFO | Spremljeno 1110 batcheva... (Ukupno sekvenci: 1110)
2026-04-11 21:48:31,686 | INFO | Spremljeno 1120 batcheva... (Ukupno sekvenci: 1120)
2026-04-11 21:48:31,881 | INFO | Spremljeno 1130 batcheva... (Ukupno sekvenci: 1130)
2026-04-11 21:48:32,084 | INFO | Spremljeno 1140 batcheva... (Ukupno sekvenci: 1140)
2026-04-11 21:48:32,283 | INFO | Spremljeno 1150 batcheva... (Ukupno sekvenci: 1150)
2026-04-11 21:48:32,480 | INFO | Spremljeno 1160 batcheva... (Ukupno sekvenci: 1160)
2026-04-11 21:48:32,681 | INFO | Spremljeno 1170 batcheva... (Ukupno sekvenci: 1170)
2026-04-11 21:48:32,889 | INFO | Spremljeno 1180 batcheva... (Ukupno sekvenci: 1180)
2026-04-11 21:48:33,090 | INFO | Spremljeno 1190 batcheva... (Ukupno sekvenci: 1190)
2026-04-11 21:48:33,335 | INFO | Spremljeno 1200 batcheva... (Ukupno sekvenci: 1200)
2026-04-11 21:48:33,535 | INFO | Spremljeno 1210 batcheva... (Ukupno sekvenci: 1210)
2026-04-11 21:48:33,735 | INFO | Spremljeno 1220 batcheva... (Ukupno sekvenci: 1220)
2026-04-11 21:48:33,938 | INFO | Spremljeno 1230 batcheva... (Ukupno sekvenci: 1230)
2026-04-11 21:48:34,131 | INFO | Spremljeno 1240 batcheva... (Ukupno sekvenci: 1240)
2026-04-11 21:48:34,338 | INFO | Spremljeno 1250 batcheva... (Ukupno sekvenci: 1250)
2026-04-11 21:48:34,539 | INFO | Spremljeno 1260 batcheva... (Ukupno sekvenci: 1260)
2026-04-11 21:48:34,732 | INFO | Spremljeno 1270 batcheva... (Ukupno sekvenci: 1270)
2026-04-11 21:48:34,937 | INFO | Spremljeno 1280 batcheva... (Ukupno sekvenci: 1280)
2026-04-11 21:48:35,140 | INFO | Spremljeno 1290 batcheva... (Ukupno sekvenci: 1290)
2026-04-11 21:48:35,346 | INFO | Spremljeno 1300 batcheva... (Ukupno sekvenci: 1300)
2026-04-11 21:48:35,546 | INFO | Spremljeno 1310 batcheva... (Ukupno sekvenci: 1310)
2026-04-11 21:48:35,752 | INFO | Spremljeno 1320 batcheva... (Ukupno sekvenci: 1320)
2026-04-11 21:48:35,946 | INFO | Spremljeno 1330 batcheva... (Ukupno sekvenci: 1330)
2026-04-11 21:48:36,149 | INFO | Spremljeno 1340 batcheva... (Ukupno sekvenci: 1340)
2026-04-11 21:48:36,303 | INFO | Spremljeno 1350 batcheva... (Ukupno sekvenci: 1350)
2026-04-11 21:48:36,357 | INFO | Spremljeno 1360 batcheva... (Ukupno sekvenci: 1360)
2026-04-11 21:48:36,480 | INFO | Spremljeno 1370 batcheva... (Ukupno sekvenci: 1370)
2026-04-11 21:48:36,688 | INFO | Spremljeno 1380 batcheva... (Ukupno sekvenci: 1380)
2026-04-11 21:48:36,888 | INFO | Spremljeno 1390 batcheva... (Ukupno sekvenci: 1390)
2026-04-11 21:48:37,093 | INFO | Spremljeno 1400 batcheva... (Ukupno sekvenci: 1400)
2026-04-11 21:48:37,293 | INFO | Spremljeno 1410 batcheva... (Ukupno sekvenci: 1410)
2026-04-11 21:48:37,492 | INFO | Spremljeno 1420 batcheva... (Ukupno sekvenci: 1420)
2026-04-11 21:48:37,689 | INFO | Spremljeno 1430 batcheva... (Ukupno sekvenci: 1430)
2026-04-11 21:48:37,892 | INFO | Spremljeno 1440 batcheva... (Ukupno sekvenci: 1440)
2026-04-11 21:48:38,092 | INFO | Spremljeno 1450 batcheva... (Ukupno sekvenci: 1450)
2026-04-11 21:48:38,307 | INFO | Spremljeno 1460 batcheva... (Ukupno sekvenci: 1460)
2026-04-11 21:48:38,545 | INFO | Spremljeno 1470 batcheva... (Ukupno sekvenci: 1470)
2026-04-11 21:48:38,745 | INFO | Spremljeno 1480 batcheva... (Ukupno sekvenci: 1480)
2026-04-11 21:48:38,945 | INFO | Spremljeno 1490 batcheva... (Ukupno sekvenci: 1490)
2026-04-11 21:48:39,148 | INFO | Spremljeno 1500 batcheva... (Ukupno sekvenci: 1500)
2026-04-11 21:48:39,350 | INFO | Spremljeno 1510 batcheva... (Ukupno sekvenci: 1510)
2026-04-11 21:48:39,549 | INFO | Spremljeno 1520 batcheva... (Ukupno sekvenci: 1520)
2026-04-11 21:48:39,753 | INFO | Spremljeno 1530 batcheva... (Ukupno sekvenci: 1530)
2026-04-11 21:48:39,962 | INFO | Spremljeno 1540 batcheva... (Ukupno sekvenci: 1540)
2026-04-11 21:48:40,166 | INFO | Spremljeno 1550 batcheva... (Ukupno sekvenci: 1550)
2026-04-11 21:48:40,375 | INFO | Spremljeno 1560 batcheva... (Ukupno sekvenci: 1560)
2026-04-11 21:48:40,576 | INFO | Spremljeno 1570 batcheva... (Ukupno sekvenci: 1570)
2026-04-11 21:48:40,775 | INFO | Spremljeno 1580 batcheva... (Ukupno sekvenci: 1580)
2026-04-11 21:48:40,980 | INFO | Spremljeno 1590 batcheva... (Ukupno sekvenci: 1590)
2026-04-11 21:48:41,186 | INFO | Spremljeno 1600 batcheva... (Ukupno sekvenci: 1600)
2026-04-11 21:48:41,380 | INFO | Spremljeno 1610 batcheva... (Ukupno sekvenci: 1610)
2026-04-11 21:48:41,577 | INFO | Spremljeno 1620 batcheva... (Ukupno sekvenci: 1620)
2026-04-11 21:48:41,778 | INFO | Spremljeno 1630 batcheva... (Ukupno sekvenci: 1630)
2026-04-11 21:48:41,991 | INFO | Spremljeno 1640 batcheva... (Ukupno sekvenci: 1640)
2026-04-11 21:48:42,187 | INFO | Spremljeno 1650 batcheva... (Ukupno sekvenci: 1650)
2026-04-11 21:48:42,390 | INFO | Spremljeno 1660 batcheva... (Ukupno sekvenci: 1660)
2026-04-11 21:48:42,591 | INFO | Spremljeno 1670 batcheva... (Ukupno sekvenci: 1670)
2026-04-11 21:48:42,789 | INFO | Spremljeno 1680 batcheva... (Ukupno sekvenci: 1680)
2026-04-11 21:48:42,997 | INFO | Spremljeno 1690 batcheva... (Ukupno sekvenci: 1690)
2026-04-11 21:48:43,113 | INFO | Spremljeno 1700 batcheva... (Ukupno sekvenci: 1700)
2026-04-11 21:48:43,232 | INFO | Spremljeno 1710 batcheva... (Ukupno sekvenci: 1710)
2026-04-11 21:48:43,426 | INFO | Spremljeno 1720 batcheva... (Ukupno sekvenci: 1720)
2026-04-11 21:48:43,626 | INFO | Spremljeno 1730 batcheva... (Ukupno sekvenci: 1730)
2026-04-11 21:48:43,820 | INFO | Spremljeno 1740 batcheva... (Ukupno sekvenci: 1740)
2026-04-11 21:48:44,017 | INFO | Spremljeno 1750 batcheva... (Ukupno sekvenci: 1750)
2026-04-11 21:48:44,215 | INFO | Spremljeno 1760 batcheva... (Ukupno sekvenci: 1760)
2026-04-11 21:48:44,415 | INFO | Spremljeno 1770 batcheva... (Ukupno sekvenci: 1770)
2026-04-11 21:48:44,613 | INFO | Spremljeno 1780 batcheva... (Ukupno sekvenci: 1780)
2026-04-11 21:48:44,816 | INFO | Spremljeno 1790 batcheva... (Ukupno sekvenci: 1790)
2026-04-11 21:48:45,019 | INFO | Spremljeno 1800 batcheva... (Ukupno sekvenci: 1800)
2026-04-11 21:48:45,228 | INFO | Spremljeno 1810 batcheva... (Ukupno sekvenci: 1810)
2026-04-11 21:48:45,428 | INFO | Spremljeno 1820 batcheva... (Ukupno sekvenci: 1820)
2026-04-11 21:48:45,639 | INFO | Spremljeno 1830 batcheva... (Ukupno sekvenci: 1830)
2026-04-11 21:48:45,837 | INFO | Spremljeno 1840 batcheva... (Ukupno sekvenci: 1840)
2026-04-11 21:48:46,038 | INFO | Spremljeno 1850 batcheva... (Ukupno sekvenci: 1850)
2026-04-11 21:48:46,238 | INFO | Spremljeno 1860 batcheva... (Ukupno sekvenci: 1860)
2026-04-11 21:48:46,436 | INFO | Spremljeno 1870 batcheva... (Ukupno sekvenci: 1870)
2026-04-11 21:48:46,636 | INFO | Spremljeno 1880 batcheva... (Ukupno sekvenci: 1880)
2026-04-11 21:48:46,846 | INFO | Spremljeno 1890 batcheva... (Ukupno sekvenci: 1890)
2026-04-11 21:48:47,046 | INFO | Spremljeno 1900 batcheva... (Ukupno sekvenci: 1900)
2026-04-11 21:48:47,246 | INFO | Spremljeno 1910 batcheva... (Ukupno sekvenci: 1910)
2026-04-11 21:48:47,437 | INFO | Spremljeno 1920 batcheva... (Ukupno sekvenci: 1920)
2026-04-11 21:48:47,638 | INFO | Spremljeno 1930 batcheva... (Ukupno sekvenci: 1930)
2026-04-11 21:48:47,844 | INFO | Spremljeno 1940 batcheva... (Ukupno sekvenci: 1940)
2026-04-11 21:48:48,044 | INFO | Spremljeno 1950 batcheva... (Ukupno sekvenci: 1950)
2026-04-11 21:48:48,237 | INFO | Spremljeno 1960 batcheva... (Ukupno sekvenci: 1960)
2026-04-11 21:48:48,440 | INFO | Spremljeno 1970 batcheva... (Ukupno sekvenci: 1970)
2026-04-11 21:48:48,669 | INFO | Spremljeno 1980 batcheva... (Ukupno sekvenci: 1980)
2026-04-11 21:48:48,875 | INFO | Spremljeno 1990 batcheva... (Ukupno sekvenci: 1990)
2026-04-11 21:48:49,075 | INFO | Spremljeno 2000 batcheva... (Ukupno sekvenci: 2000)
2026-04-11 21:48:49,275 | INFO | Spremljeno 2010 batcheva... (Ukupno sekvenci: 2010)
2026-04-11 21:48:49,480 | INFO | Spremljeno 2020 batcheva... (Ukupno sekvenci: 2020)
2026-04-11 21:48:49,681 | INFO | Spremljeno 2030 batcheva... (Ukupno sekvenci: 2030)
2026-04-11 21:48:49,874 | INFO | Spremljeno 2040 batcheva... (Ukupno sekvenci: 2040)
2026-04-11 21:48:49,947 | INFO | Spremljeno 2050 batcheva... (Ukupno sekvenci: 2050)
2026-04-11 21:48:49,992 | INFO | Spremljeno 2060 batcheva... (Ukupno sekvenci: 2060)
2026-04-11 21:48:50,118 | INFO | Spremljeno 2070 batcheva... (Ukupno sekvenci: 2070)
2026-04-11 21:48:50,327 | INFO | Spremljeno 2080 batcheva... (Ukupno sekvenci: 2080)
2026-04-11 21:48:50,522 | INFO | Spremljeno 2090 batcheva... (Ukupno sekvenci: 2090)
2026-04-11 21:48:50,721 | INFO | Spremljeno 2100 batcheva... (Ukupno sekvenci: 2100)
2026-04-11 21:48:50,936 | INFO | Spremljeno 2110 batcheva... (Ukupno sekvenci: 2110)
2026-04-11 21:48:51,139 | INFO | Spremljeno 2120 batcheva... (Ukupno sekvenci: 2120)
2026-04-11 21:48:51,357 | INFO | Spremljeno 2130 batcheva... (Ukupno sekvenci: 2130)
2026-04-11 21:48:51,567 | INFO | Spremljeno 2140 batcheva... (Ukupno sekvenci: 2140)
2026-04-11 21:48:51,791 | INFO | Spremljeno 2150 batcheva... (Ukupno sekvenci: 2150)
2026-04-11 21:48:52,016 | INFO | Spremljeno 2160 batcheva... (Ukupno sekvenci: 2160)
2026-04-11 21:48:52,228 | INFO | Spremljeno 2170 batcheva... (Ukupno sekvenci: 2170)
2026-04-11 21:48:52,452 | INFO | Spremljeno 2180 batcheva... (Ukupno sekvenci: 2180)
2026-04-11 21:48:52,674 | INFO | Spremljeno 2190 batcheva... (Ukupno sekvenci: 2190)
2026-04-11 21:48:52,892 | INFO | Spremljeno 2200 batcheva... (Ukupno sekvenci: 2200)
2026-04-11 21:48:53,107 | INFO | Spremljeno 2210 batcheva... (Ukupno sekvenci: 2210)
2026-04-11 21:48:53,316 | INFO | Spremljeno 2220 batcheva... (Ukupno sekvenci: 2220)
2026-04-11 21:48:53,535 | INFO | Spremljeno 2230 batcheva... (Ukupno sekvenci: 2230)
2026-04-11 21:48:53,753 | INFO | Spremljeno 2240 batcheva... (Ukupno sekvenci: 2240)
2026-04-11 21:48:53,974 | INFO | Spremljeno 2250 batcheva... (Ukupno sekvenci: 2250)
2026-04-11 21:48:54,192 | INFO | Spremljeno 2260 batcheva... (Ukupno sekvenci: 2260)
2026-04-11 21:48:54,405 | INFO | Spremljeno 2270 batcheva... (Ukupno sekvenci: 2270)
2026-04-11 21:48:54,622 | INFO | Spremljeno 2280 batcheva... (Ukupno sekvenci: 2280)
2026-04-11 21:48:54,843 | INFO | Spremljeno 2290 batcheva... (Ukupno sekvenci: 2290)
2026-04-11 21:48:55,067 | INFO | Spremljeno 2300 batcheva... (Ukupno sekvenci: 2300)
2026-04-11 21:48:55,288 | INFO | Spremljeno 2310 batcheva... (Ukupno sekvenci: 2310)
2026-04-11 21:48:55,506 | INFO | Spremljeno 2320 batcheva... (Ukupno sekvenci: 2320)
2026-04-11 21:48:55,733 | INFO | Spremljeno 2330 batcheva... (Ukupno sekvenci: 2330)
2026-04-11 21:48:55,965 | INFO | Spremljeno 2340 batcheva... (Ukupno sekvenci: 2340)
2026-04-11 21:48:56,184 | INFO | Spremljeno 2350 batcheva... (Ukupno sekvenci: 2350)
2026-04-11 21:48:56,407 | INFO | Spremljeno 2360 batcheva... (Ukupno sekvenci: 2360)
2026-04-11 21:48:56,629 | INFO | Spremljeno 2370 batcheva... (Ukupno sekvenci: 2370)
2026-04-11 21:48:56,850 | INFO | Spremljeno 2380 batcheva... (Ukupno sekvenci: 2380)
2026-04-11 21:48:57,069 | INFO | Spremljeno 2390 batcheva... (Ukupno sekvenci: 2390)
2026-04-11 21:48:57,281 | INFO | Spremljeno 2400 batcheva... (Ukupno sekvenci: 2400)
2026-04-11 21:48:57,497 | INFO | Spremljeno 2410 batcheva... (Ukupno sekvenci: 2410)
2026-04-11 21:48:57,607 | INFO | Spremljeno 2420 batcheva... (Ukupno sekvenci: 2420)
2026-04-11 21:48:57,661 | INFO | Spremljeno 2430 batcheva... (Ukupno sekvenci: 2430)
2026-04-11 21:48:57,795 | INFO | Spremljeno 2440 batcheva... (Ukupno sekvenci: 2440)
2026-04-11 21:48:57,977 | INFO | Spremljeno 2450 batcheva... (Ukupno sekvenci: 2450)
2026-04-11 21:48:58,187 | INFO | Spremljeno 2460 batcheva... (Ukupno sekvenci: 2460)
2026-04-11 21:48:58,396 | INFO | Spremljeno 2470 batcheva... (Ukupno sekvenci: 2470)
2026-04-11 21:48:58,624 | INFO | Spremljeno 2480 batcheva... (Ukupno sekvenci: 2480)
2026-04-11 21:48:58,832 | INFO | Spremljeno 2490 batcheva... (Ukupno sekvenci: 2490)
2026-04-11 21:48:59,048 | INFO | Spremljeno 2500 batcheva... (Ukupno sekvenci: 2500)
2026-04-11 21:48:59,258 | INFO | Spremljeno 2510 batcheva... (Ukupno sekvenci: 2510)
2026-04-11 21:48:59,453 | INFO | Spremljeno 2520 batcheva... (Ukupno sekvenci: 2520)
2026-04-11 21:48:59,650 | INFO | Spremljeno 2530 batcheva... (Ukupno sekvenci: 2530)
2026-04-11 21:48:59,872 | INFO | Spremljeno 2540 batcheva... (Ukupno sekvenci: 2540)
2026-04-11 21:49:00,100 | INFO | Spremljeno 2550 batcheva... (Ukupno sekvenci: 2550)
2026-04-11 21:49:00,324 | INFO | Spremljeno 2560 batcheva... (Ukupno sekvenci: 2560)
2026-04-11 21:49:00,541 | INFO | Spremljeno 2570 batcheva... (Ukupno sekvenci: 2570)
2026-04-11 21:49:00,762 | INFO | Spremljeno 2580 batcheva... (Ukupno sekvenci: 2580)
2026-04-11 21:49:00,983 | INFO | Spremljeno 2590 batcheva... (Ukupno sekvenci: 2590)
2026-04-11 21:49:01,203 | INFO | Spremljeno 2600 batcheva... (Ukupno sekvenci: 2600)
2026-04-11 21:49:01,413 | INFO | Spremljeno 2610 batcheva... (Ukupno sekvenci: 2610)
2026-04-11 21:49:01,638 | INFO | Spremljeno 2620 batcheva... (Ukupno sekvenci: 2620)
2026-04-11 21:49:01,853 | INFO | Spremljeno 2630 batcheva... (Ukupno sekvenci: 2630)
2026-04-11 21:49:02,070 | INFO | Spremljeno 2640 batcheva... (Ukupno sekvenci: 2640)
2026-04-11 21:49:02,288 | INFO | Spremljeno 2650 batcheva... (Ukupno sekvenci: 2650)
2026-04-11 21:49:02,498 | INFO | Spremljeno 2660 batcheva... (Ukupno sekvenci: 2660)
2026-04-11 21:49:02,713 | INFO | Spremljeno 2670 batcheva... (Ukupno sekvenci: 2670)
2026-04-11 21:49:02,923 | INFO | Spremljeno 2680 batcheva... (Ukupno sekvenci: 2680)
2026-04-11 21:49:03,143 | INFO | Spremljeno 2690 batcheva... (Ukupno sekvenci: 2690)
2026-04-11 21:49:03,363 | INFO | Spremljeno 2700 batcheva... (Ukupno sekvenci: 2700)
2026-04-11 21:49:03,593 | INFO | Spremljeno 2710 batcheva... (Ukupno sekvenci: 2710)
2026-04-11 21:49:03,813 | INFO | Spremljeno 2720 batcheva... (Ukupno sekvenci: 2720)
2026-04-11 21:49:04,023 | INFO | Spremljeno 2730 batcheva... (Ukupno sekvenci: 2730)
2026-04-11 21:49:04,253 | INFO | Spremljeno 2740 batcheva... (Ukupno sekvenci: 2740)
2026-04-11 21:49:04,461 | INFO | Spremljeno 2750 batcheva... (Ukupno sekvenci: 2750)
2026-04-11 21:49:04,682 | INFO | Spremljeno 2760 batcheva... (Ukupno sekvenci: 2760)
2026-04-11 21:49:04,893 | INFO | Spremljeno 2770 batcheva... (Ukupno sekvenci: 2770)
2026-04-11 21:49:05,114 | INFO | Spremljeno 2780 batcheva... (Ukupno sekvenci: 2780)
2026-04-11 21:49:05,335 | INFO | Spremljeno 2790 batcheva... (Ukupno sekvenci: 2790)
2026-04-11 21:49:05,548 | INFO | Spremljeno 2800 batcheva... (Ukupno sekvenci: 2800)
2026-04-11 21:49:05,752 | INFO | Spremljeno 2810 batcheva... (Ukupno sekvenci: 2810)
2026-04-11 21:49:05,834 | INFO | Spremljeno 2820 batcheva... (Ukupno sekvenci: 2820)
2026-04-11 21:49:06,008 | INFO | Spremljeno 2830 batcheva... (Ukupno sekvenci: 2830)
2026-04-11 21:49:06,223 | INFO | Spremljeno 2840 batcheva... (Ukupno sekvenci: 2840)
2026-04-11 21:49:06,436 | INFO | Spremljeno 2850 batcheva... (Ukupno sekvenci: 2850)
2026-04-11 21:49:06,661 | INFO | Spremljeno 2860 batcheva... (Ukupno sekvenci: 2860)
2026-04-11 21:49:06,874 | INFO | Spremljeno 2870 batcheva... (Ukupno sekvenci: 2870)
2026-04-11 21:49:07,091 | INFO | Spremljeno 2880 batcheva... (Ukupno sekvenci: 2880)
2026-04-11 21:49:07,312 | INFO | Spremljeno 2890 batcheva... (Ukupno sekvenci: 2890)
2026-04-11 21:49:07,521 | INFO | Spremljeno 2900 batcheva... (Ukupno sekvenci: 2900)
2026-04-11 21:49:07,733 | INFO | Spremljeno 2910 batcheva... (Ukupno sekvenci: 2910)
2026-04-11 21:49:07,948 | INFO | Spremljeno 2920 batcheva... (Ukupno sekvenci: 2920)
2026-04-11 21:49:08,160 | INFO | Spremljeno 2930 batcheva... (Ukupno sekvenci: 2930)
2026-04-11 21:49:08,366 | INFO | Spremljeno 2940 batcheva... (Ukupno sekvenci: 2940)
2026-04-11 21:49:08,572 | INFO | Spremljeno 2950 batcheva... (Ukupno sekvenci: 2950)
2026-04-11 21:49:08,796 | INFO | Spremljeno 2960 batcheva... (Ukupno sekvenci: 2960)
2026-04-11 21:49:09,025 | INFO | Spremljeno 2970 batcheva... (Ukupno sekvenci: 2970)
2026-04-11 21:49:09,258 | INFO | Spremljeno 2980 batcheva... (Ukupno sekvenci: 2980)
2026-04-11 21:49:09,469 | INFO | Spremljeno 2990 batcheva... (Ukupno sekvenci: 2990)
2026-04-11 21:49:09,690 | INFO | Spremljeno 3000 batcheva... (Ukupno sekvenci: 3000)
2026-04-11 21:49:09,908 | INFO | Spremljeno 3010 batcheva... (Ukupno sekvenci: 3010)
2026-04-11 21:49:10,124 | INFO | Spremljeno 3020 batcheva... (Ukupno sekvenci: 3020)
2026-04-11 21:49:10,345 | INFO | Spremljeno 3030 batcheva... (Ukupno sekvenci: 3030)
2026-04-11 21:49:10,588 | INFO | Spremljeno 3040 batcheva... (Ukupno sekvenci: 3040)
2026-04-11 21:49:10,812 | INFO | Spremljeno 3050 batcheva... (Ukupno sekvenci: 3050)
2026-04-11 21:49:11,021 | INFO | Spremljeno 3060 batcheva... (Ukupno sekvenci: 3060)
2026-04-11 21:49:11,249 | INFO | Spremljeno 3070 batcheva... (Ukupno sekvenci: 3070)
2026-04-11 21:49:11,467 | INFO | Spremljeno 3080 batcheva... (Ukupno sekvenci: 3080)
2026-04-11 21:49:11,694 | INFO | Spremljeno 3090 batcheva... (Ukupno sekvenci: 3090)
2026-04-11 21:49:11,912 | INFO | Spremljeno 3100 batcheva... (Ukupno sekvenci: 3100)
2026-04-11 21:49:12,130 | INFO | Spremljeno 3110 batcheva... (Ukupno sekvenci: 3110)
2026-04-11 21:49:12,352 | INFO | Spremljeno 3120 batcheva... (Ukupno sekvenci: 3120)
2026-04-11 21:49:12,570 | INFO | Spremljeno 3130 batcheva... (Ukupno sekvenci: 3130)
2026-04-11 21:49:12,786 | INFO | Spremljeno 3140 batcheva... (Ukupno sekvenci: 3140)
2026-04-11 21:49:13,001 | INFO | Spremljeno 3150 batcheva... (Ukupno sekvenci: 3150)
2026-04-11 21:49:13,216 | INFO | Spremljeno 3160 batcheva... (Ukupno sekvenci: 3160)
2026-04-11 21:49:13,431 | INFO | Spremljeno 3170 batcheva... (Ukupno sekvenci: 3170)
2026-04-11 21:49:13,644 | INFO | Spremljeno 3180 batcheva... (Ukupno sekvenci: 3180)
2026-04-11 21:49:13,865 | INFO | Spremljeno 3190 batcheva... (Ukupno sekvenci: 3190)
2026-04-11 21:49:14,056 | INFO | Spremljeno 3200 batcheva... (Ukupno sekvenci: 3200)
2026-04-11 21:49:14,244 | INFO | Spremljeno 3210 batcheva... (Ukupno sekvenci: 3210)
2026-04-11 21:49:14,324 | INFO | Spremljeno 3220 batcheva... (Ukupno sekvenci: 3220)
2026-04-11 21:49:14,387 | INFO | Spremljeno 3230 batcheva... (Ukupno sekvenci: 3230)
2026-04-11 21:49:14,516 | INFO | Spremljeno 3240 batcheva... (Ukupno sekvenci: 3240)
2026-04-11 21:49:14,726 | INFO | Spremljeno 3250 batcheva... (Ukupno sekvenci: 3250)
2026-04-11 21:49:14,940 | INFO | Spremljeno 3260 batcheva... (Ukupno sekvenci: 3260)
2026-04-11 21:49:15,152 | INFO | Spremljeno 3270 batcheva... (Ukupno sekvenci: 3270)
2026-04-11 21:49:15,361 | INFO | Spremljeno 3280 batcheva... (Ukupno sekvenci: 3280)
2026-04-11 21:49:15,577 | INFO | Spremljeno 3290 batcheva... (Ukupno sekvenci: 3290)
2026-04-11 21:49:15,794 | INFO | Spremljeno 3300 batcheva... (Ukupno sekvenci: 3300)
2026-04-11 21:49:16,003 | INFO | Spremljeno 3310 batcheva... (Ukupno sekvenci: 3310)
2026-04-11 21:49:16,217 | INFO | Spremljeno 3320 batcheva... (Ukupno sekvenci: 3320)
2026-04-11 21:49:16,435 | INFO | Spremljeno 3330 batcheva... (Ukupno sekvenci: 3330)
2026-04-11 21:49:16,653 | INFO | Spremljeno 3340 batcheva... (Ukupno sekvenci: 3340)
2026-04-11 21:49:16,880 | INFO | Spremljeno 3350 batcheva... (Ukupno sekvenci: 3350)
2026-04-11 21:49:17,102 | INFO | Spremljeno 3360 batcheva... (Ukupno sekvenci: 3360)
2026-04-11 21:49:17,322 | INFO | Spremljeno 3370 batcheva... (Ukupno sekvenci: 3370)
2026-04-11 21:49:17,525 | INFO | Spremljeno 3380 batcheva... (Ukupno sekvenci: 3380)
2026-04-11 21:49:17,728 | INFO | Spremljeno 3390 batcheva... (Ukupno sekvenci: 3390)
2026-04-11 21:49:17,946 | INFO | Spremljeno 3400 batcheva... (Ukupno sekvenci: 3400)
2026-04-11 21:49:18,166 | INFO | Spremljeno 3410 batcheva... (Ukupno sekvenci: 3410)
2026-04-11 21:49:18,393 | INFO | Spremljeno 3420 batcheva... (Ukupno sekvenci: 3420)
2026-04-11 21:49:18,607 | INFO | Spremljeno 3430 batcheva... (Ukupno sekvenci: 3430)
2026-04-11 21:49:18,837 | INFO | Spremljeno 3440 batcheva... (Ukupno sekvenci: 3440)
2026-04-11 21:49:19,059 | INFO | Spremljeno 3450 batcheva... (Ukupno sekvenci: 3450)
2026-04-11 21:49:19,289 | INFO | Spremljeno 3460 batcheva... (Ukupno sekvenci: 3460)
2026-04-11 21:49:19,519 | INFO | Spremljeno 3470 batcheva... (Ukupno sekvenci: 3470)
2026-04-11 21:49:19,769 | INFO | Spremljeno 3480 batcheva... (Ukupno sekvenci: 3480)
2026-04-11 21:49:19,981 | INFO | Spremljeno 3490 batcheva... (Ukupno sekvenci: 3490)
2026-04-11 21:49:20,202 | INFO | Spremljeno 3500 batcheva... (Ukupno sekvenci: 3500)
2026-04-11 21:49:20,422 | INFO | Spremljeno 3510 batcheva... (Ukupno sekvenci: 3510)
2026-04-11 21:49:20,636 | INFO | Spremljeno 3520 batcheva... (Ukupno sekvenci: 3520)
2026-04-11 21:49:20,858 | INFO | Spremljeno 3530 batcheva... (Ukupno sekvenci: 3530)
2026-04-11 21:49:21,080 | INFO | Spremljeno 3540 batcheva... (Ukupno sekvenci: 3540)
2026-04-11 21:49:21,298 | INFO | Spremljeno 3550 batcheva... (Ukupno sekvenci: 3550)
2026-04-11 21:49:21,528 | INFO | Spremljeno 3560 batcheva... (Ukupno sekvenci: 3560)
2026-04-11 21:49:21,742 | INFO | Spremljeno 3570 batcheva... (Ukupno sekvenci: 3570)
2026-04-11 21:49:21,958 | INFO | Spremljeno 3580 batcheva... (Ukupno sekvenci: 3580)
2026-04-11 21:49:22,178 | INFO | Spremljeno 3590 batcheva... (Ukupno sekvenci: 3590)
2026-04-11 21:49:22,408 | INFO | Spremljeno 3600 batcheva... (Ukupno sekvenci: 3600)
2026-04-11 21:49:22,626 | INFO | Spremljeno 3610 batcheva... (Ukupno sekvenci: 3610)
2026-04-11 21:49:22,721 | INFO | Spremljeno 3620 batcheva... (Ukupno sekvenci: 3620)
2026-04-11 21:49:22,812 | INFO | Spremljeno 3630 batcheva... (Ukupno sekvenci: 3630)
2026-04-11 21:49:22,872 | INFO | Spremljeno 3640 batcheva... (Ukupno sekvenci: 3640)
2026-04-11 21:49:23,039 | INFO | Spremljeno 3650 batcheva... (Ukupno sekvenci: 3650)
2026-04-11 21:49:23,224 | INFO | Spremljeno 3660 batcheva... (Ukupno sekvenci: 3660)
2026-04-11 21:49:23,442 | INFO | Spremljeno 3670 batcheva... (Ukupno sekvenci: 3670)
2026-04-11 21:49:23,656 | INFO | Spremljeno 3680 batcheva... (Ukupno sekvenci: 3680)
2026-04-11 21:49:23,868 | INFO | Spremljeno 3690 batcheva... (Ukupno sekvenci: 3690)
2026-04-11 21:49:24,087 | INFO | Spremljeno 3700 batcheva... (Ukupno sekvenci: 3700)
2026-04-11 21:49:24,293 | INFO | Spremljeno 3710 batcheva... (Ukupno sekvenci: 3710)
2026-04-11 21:49:24,502 | INFO | Spremljeno 3720 batcheva... (Ukupno sekvenci: 3720)
2026-04-11 21:49:24,724 | INFO | Spremljeno 3730 batcheva... (Ukupno sekvenci: 3730)
2026-04-11 21:49:24,823 | INFO | Spremljeno 3740 batcheva... (Ukupno sekvenci: 3740)
2026-04-11 21:49:24,988 | INFO | Spremljeno 3750 batcheva... (Ukupno sekvenci: 3750)
2026-04-11 21:49:25,209 | INFO | Spremljeno 3760 batcheva... (Ukupno sekvenci: 3760)
2026-04-11 21:49:25,391 | INFO | Spremljeno 3770 batcheva... (Ukupno sekvenci: 3770)
2026-04-11 21:49:25,591 | INFO | Spremljeno 3780 batcheva... (Ukupno sekvenci: 3780)
2026-04-11 21:49:25,803 | INFO | Spremljeno 3790 batcheva... (Ukupno sekvenci: 3790)
2026-04-11 21:49:26,025 | INFO | Spremljeno 3800 batcheva... (Ukupno sekvenci: 3800)
2026-04-11 21:49:26,233 | INFO | Spremljeno 3810 batcheva... (Ukupno sekvenci: 3810)
2026-04-11 21:49:26,458 | INFO | Spremljeno 3820 batcheva... (Ukupno sekvenci: 3820)
2026-04-11 21:49:26,658 | INFO | Spremljeno 3830 batcheva... (Ukupno sekvenci: 3830)
2026-04-11 21:49:26,839 | INFO | Spremljeno 3840 batcheva... (Ukupno sekvenci: 3840)
2026-04-11 21:49:27,064 | INFO | Spremljeno 3850 batcheva... (Ukupno sekvenci: 3850)
2026-04-11 21:49:27,282 | INFO | Spremljeno 3860 batcheva... (Ukupno sekvenci: 3860)
2026-04-11 21:49:27,522 | INFO | Spremljeno 3870 batcheva... (Ukupno sekvenci: 3870)
2026-04-11 21:49:27,749 | INFO | Spremljeno 3880 batcheva... (Ukupno sekvenci: 3880)
2026-04-11 21:49:27,978 | INFO | Spremljeno 3890 batcheva... (Ukupno sekvenci: 3890)
2026-04-11 21:49:28,202 | INFO | Spremljeno 3900 batcheva... (Ukupno sekvenci: 3900)
2026-04-11 21:49:28,429 | INFO | Spremljeno 3910 batcheva... (Ukupno sekvenci: 3910)
2026-04-11 21:49:28,648 | INFO | Spremljeno 3920 batcheva... (Ukupno sekvenci: 3920)
2026-04-11 21:49:28,857 | INFO | Spremljeno 3930 batcheva... (Ukupno sekvenci: 3930)
2026-04-11 21:49:29,061 | INFO | Spremljeno 3940 batcheva... (Ukupno sekvenci: 3940)
2026-04-11 21:49:29,268 | INFO | Spremljeno 3950 batcheva... (Ukupno sekvenci: 3950)
2026-04-11 21:49:29,495 | INFO | Spremljeno 3960 batcheva... (Ukupno sekvenci: 3960)
2026-04-11 21:49:29,709 | INFO | Spremljeno 3970 batcheva... (Ukupno sekvenci: 3970)
2026-04-11 21:49:29,930 | INFO | Spremljeno 3980 batcheva... (Ukupno sekvenci: 3980)
2026-04-11 21:49:30,163 | INFO | Spremljeno 3990 batcheva... (Ukupno sekvenci: 3990)
2026-04-11 21:49:30,393 | INFO | Spremljeno 4000 batcheva... (Ukupno sekvenci: 4000)
2026-04-11 21:49:30,631 | INFO | Spremljeno 4010 batcheva... (Ukupno sekvenci: 4010)
2026-04-11 21:49:30,854 | INFO | Spremljeno 4020 batcheva... (Ukupno sekvenci: 4020)
2026-04-11 21:49:31,075 | INFO | Spremljeno 4030 batcheva... (Ukupno sekvenci: 4030)
2026-04-11 21:49:31,303 | INFO | Spremljeno 4040 batcheva... (Ukupno sekvenci: 4040)
2026-04-11 21:49:31,532 | INFO | Spremljeno 4050 batcheva... (Ukupno sekvenci: 4050)
2026-04-11 21:49:31,753 | INFO | Spremljeno 4060 batcheva... (Ukupno sekvenci: 4060)
2026-04-11 21:49:31,980 | INFO | Spremljeno 4070 batcheva... (Ukupno sekvenci: 4070)
2026-04-11 21:49:32,202 | INFO | Spremljeno 4080 batcheva... (Ukupno sekvenci: 4080)
2026-04-11 21:49:32,418 | INFO | Spremljeno 4090 batcheva... (Ukupno sekvenci: 4090)
2026-04-11 21:49:32,642 | INFO | Spremljeno 4100 batcheva... (Ukupno sekvenci: 4100)
2026-04-11 21:49:32,866 | INFO | Spremljeno 4110 batcheva... (Ukupno sekvenci: 4110)
2026-04-11 21:49:33,089 | INFO | Spremljeno 4120 batcheva... (Ukupno sekvenci: 4120)
2026-04-11 21:49:33,304 | INFO | Spremljeno 4130 batcheva... (Ukupno sekvenci: 4130)
2026-04-11 21:49:33,516 | INFO | Spremljeno 4140 batcheva... (Ukupno sekvenci: 4140)
2026-04-11 21:49:33,647 | INFO | Spremljeno 4150 batcheva... (Ukupno sekvenci: 4150)
2026-04-11 21:49:33,762 | INFO | Spremljeno 4160 batcheva... (Ukupno sekvenci: 4160)
2026-04-11 21:49:33,986 | INFO | Spremljeno 4170 batcheva... (Ukupno sekvenci: 4170)
2026-04-11 21:49:34,207 | INFO | Spremljeno 4180 batcheva... (Ukupno sekvenci: 4180)
2026-04-11 21:49:34,419 | INFO | Spremljeno 4190 batcheva... (Ukupno sekvenci: 4190)
2026-04-11 21:49:34,636 | INFO | Spremljeno 4200 batcheva... (Ukupno sekvenci: 4200)
2026-04-11 21:49:34,844 | INFO | Spremljeno 4210 batcheva... (Ukupno sekvenci: 4210)
2026-04-11 21:49:35,062 | INFO | Spremljeno 4220 batcheva... (Ukupno sekvenci: 4220)
2026-04-11 21:49:35,271 | INFO | Spremljeno 4230 batcheva... (Ukupno sekvenci: 4230)
2026-04-11 21:49:35,483 | INFO | Spremljeno 4240 batcheva... (Ukupno sekvenci: 4240)
2026-04-11 21:49:35,705 | INFO | Spremljeno 4250 batcheva... (Ukupno sekvenci: 4250)
2026-04-11 21:49:35,918 | INFO | Spremljeno 4260 batcheva... (Ukupno sekvenci: 4260)
2026-04-11 21:49:36,144 | INFO | Spremljeno 4270 batcheva... (Ukupno sekvenci: 4270)
2026-04-11 21:49:36,365 | INFO | Spremljeno 4280 batcheva... (Ukupno sekvenci: 4280)
2026-04-11 21:49:36,587 | INFO | Spremljeno 4290 batcheva... (Ukupno sekvenci: 4290)
2026-04-11 21:49:36,811 | INFO | Spremljeno 4300 batcheva... (Ukupno sekvenci: 4300)
2026-04-11 21:49:37,033 | INFO | Spremljeno 4310 batcheva... (Ukupno sekvenci: 4310)
2026-04-11 21:49:37,255 | INFO | Spremljeno 4320 batcheva... (Ukupno sekvenci: 4320)
2026-04-11 21:49:37,479 | INFO | Spremljeno 4330 batcheva... (Ukupno sekvenci: 4330)
2026-04-11 21:49:37,712 | INFO | Spremljeno 4340 batcheva... (Ukupno sekvenci: 4340)
2026-04-11 21:49:37,937 | INFO | Spremljeno 4350 batcheva... (Ukupno sekvenci: 4350)
2026-04-11 21:49:38,171 | INFO | Spremljeno 4360 batcheva... (Ukupno sekvenci: 4360)
2026-04-11 21:49:38,387 | INFO | Spremljeno 4370 batcheva... (Ukupno sekvenci: 4370)
2026-04-11 21:49:38,589 | INFO | Spremljeno 4380 batcheva... (Ukupno sekvenci: 4380)
2026-04-11 21:49:38,804 | INFO | Spremljeno 4390 batcheva... (Ukupno sekvenci: 4390)
2026-04-11 21:49:39,034 | INFO | Spremljeno 4400 batcheva... (Ukupno sekvenci: 4400)
2026-04-11 21:49:39,265 | INFO | Spremljeno 4410 batcheva... (Ukupno sekvenci: 4410)
2026-04-11 21:49:39,499 | INFO | Spremljeno 4420 batcheva... (Ukupno sekvenci: 4420)
2026-04-11 21:49:39,744 | INFO | Spremljeno 4430 batcheva... (Ukupno sekvenci: 4430)
2026-04-11 21:49:39,980 | INFO | Spremljeno 4440 batcheva... (Ukupno sekvenci: 4440)
2026-04-11 21:49:40,219 | INFO | Spremljeno 4450 batcheva... (Ukupno sekvenci: 4450)
2026-04-11 21:49:40,483 | INFO | Spremljeno 4460 batcheva... (Ukupno sekvenci: 4460)
2026-04-11 21:49:40,720 | INFO | Spremljeno 4470 batcheva... (Ukupno sekvenci: 4470)
2026-04-11 21:49:40,938 | INFO | Spremljeno 4480 batcheva... (Ukupno sekvenci: 4480)
2026-04-11 21:49:41,159 | INFO | Spremljeno 4490 batcheva... (Ukupno sekvenci: 4490)
2026-04-11 21:49:41,379 | INFO | Spremljeno 4500 batcheva... (Ukupno sekvenci: 4500)
2026-04-11 21:49:41,600 | INFO | Spremljeno 4510 batcheva... (Ukupno sekvenci: 4510)
2026-04-11 21:49:41,812 | INFO | Spremljeno 4520 batcheva... (Ukupno sekvenci: 4520)
2026-04-11 21:49:42,027 | INFO | Spremljeno 4530 batcheva... (Ukupno sekvenci: 4530)
2026-04-11 21:49:42,242 | INFO | Spremljeno 4540 batcheva... (Ukupno sekvenci: 4540)
2026-04-11 21:49:42,457 | INFO | Spremljeno 4550 batcheva... (Ukupno sekvenci: 4550)
2026-04-11 21:49:42,605 | INFO | Spremljeno 4560 batcheva... (Ukupno sekvenci: 4560)
2026-04-11 21:49:42,745 | INFO | Spremljeno 4570 batcheva... (Ukupno sekvenci: 4570)
2026-04-11 21:49:42,961 | INFO | Spremljeno 4580 batcheva... (Ukupno sekvenci: 4580)
2026-04-11 21:49:43,191 | INFO | Spremljeno 4590 batcheva... (Ukupno sekvenci: 4590)
2026-04-11 21:49:43,411 | INFO | Spremljeno 4600 batcheva... (Ukupno sekvenci: 4600)
2026-04-11 21:49:43,618 | INFO | Spremljeno 4610 batcheva... (Ukupno sekvenci: 4610)
2026-04-11 21:49:43,833 | INFO | Spremljeno 4620 batcheva... (Ukupno sekvenci: 4620)
2026-04-11 21:49:44,053 | INFO | Spremljeno 4630 batcheva... (Ukupno sekvenci: 4630)
2026-04-11 21:49:44,271 | INFO | Spremljeno 4640 batcheva... (Ukupno sekvenci: 4640)
2026-04-11 21:49:44,489 | INFO | Spremljeno 4650 batcheva... (Ukupno sekvenci: 4650)
2026-04-11 21:49:44,706 | INFO | Spremljeno 4660 batcheva... (Ukupno sekvenci: 4660)
2026-04-11 21:49:44,931 | INFO | Spremljeno 4670 batcheva... (Ukupno sekvenci: 4670)
2026-04-11 21:49:45,154 | INFO | Spremljeno 4680 batcheva... (Ukupno sekvenci: 4680)
2026-04-11 21:49:45,383 | INFO | Spremljeno 4690 batcheva... (Ukupno sekvenci: 4690)
2026-04-11 21:49:45,608 | INFO | Spremljeno 4700 batcheva... (Ukupno sekvenci: 4700)
2026-04-11 21:49:45,839 | INFO | Spremljeno 4710 batcheva... (Ukupno sekvenci: 4710)
2026-04-11 21:49:46,056 | INFO | Spremljeno 4720 batcheva... (Ukupno sekvenci: 4720)
2026-04-11 21:49:46,287 | INFO | Spremljeno 4730 batcheva... (Ukupno sekvenci: 4730)
2026-04-11 21:49:46,512 | INFO | Spremljeno 4740 batcheva... (Ukupno sekvenci: 4740)
2026-04-11 21:49:46,736 | INFO | Spremljeno 4750 batcheva... (Ukupno sekvenci: 4750)
2026-04-11 21:49:46,960 | INFO | Spremljeno 4760 batcheva... (Ukupno sekvenci: 4760)
2026-04-11 21:49:47,184 | INFO | Spremljeno 4770 batcheva... (Ukupno sekvenci: 4770)
2026-04-11 21:49:47,415 | INFO | Spremljeno 4780 batcheva... (Ukupno sekvenci: 4780)
2026-04-11 21:49:47,635 | INFO | Spremljeno 4790 batcheva... (Ukupno sekvenci: 4790)
2026-04-11 21:49:47,847 | INFO | Spremljeno 4800 batcheva... (Ukupno sekvenci: 4800)
2026-04-11 21:49:48,056 | INFO | Spremljeno 4810 batcheva... (Ukupno sekvenci: 4810)
2026-04-11 21:49:48,281 | INFO | Spremljeno 4820 batcheva... (Ukupno sekvenci: 4820)
2026-04-11 21:49:48,513 | INFO | Spremljeno 4830 batcheva... (Ukupno sekvenci: 4830)
2026-04-11 21:49:48,747 | INFO | Spremljeno 4840 batcheva... (Ukupno sekvenci: 4840)
2026-04-11 21:49:48,974 | INFO | Spremljeno 4850 batcheva... (Ukupno sekvenci: 4850)
2026-04-11 21:49:49,201 | INFO | Spremljeno 4860 batcheva... (Ukupno sekvenci: 4860)
2026-04-11 21:49:49,434 | INFO | Spremljeno 4870 batcheva... (Ukupno sekvenci: 4870)
2026-04-11 21:49:49,669 | INFO | Spremljeno 4880 batcheva... (Ukupno sekvenci: 4880)
2026-04-11 21:49:49,900 | INFO | Spremljeno 4890 batcheva... (Ukupno sekvenci: 4890)
2026-04-11 21:49:50,125 | INFO | Spremljeno 4900 batcheva... (Ukupno sekvenci: 4900)
2026-04-11 21:49:50,389 | INFO | Spremljeno 4910 batcheva... (Ukupno sekvenci: 4910)
2026-04-11 21:49:50,607 | INFO | Spremljeno 4920 batcheva... (Ukupno sekvenci: 4920)
2026-04-11 21:49:50,835 | INFO | Spremljeno 4930 batcheva... (Ukupno sekvenci: 4930)
2026-04-11 21:49:51,056 | INFO | Spremljeno 4940 batcheva... (Ukupno sekvenci: 4940)
2026-04-11 21:49:51,271 | INFO | Spremljeno 4950 batcheva... (Ukupno sekvenci: 4950)
2026-04-11 21:49:51,489 | INFO | Spremljeno 4960 batcheva... (Ukupno sekvenci: 4960)
2026-04-11 21:49:51,669 | INFO | Spremljeno 4970 batcheva... (Ukupno sekvenci: 4970)
2026-04-11 21:49:51,747 | INFO | Spremljeno 4980 batcheva... (Ukupno sekvenci: 4980)
2026-04-11 21:49:51,945 | INFO | Spremljeno 4990 batcheva... (Ukupno sekvenci: 4990)
2026-04-11 21:49:52,162 | INFO | Spremljeno 5000 batcheva... (Ukupno sekvenci: 5000)
2026-04-11 21:49:52,381 | INFO | Spremljeno 5010 batcheva... (Ukupno sekvenci: 5010)
2026-04-11 21:49:52,592 | INFO | Spremljeno 5020 batcheva... (Ukupno sekvenci: 5020)
2026-04-11 21:49:52,798 | INFO | Spremljeno 5030 batcheva... (Ukupno sekvenci: 5030)
2026-04-11 21:49:53,019 | INFO | Spremljeno 5040 batcheva... (Ukupno sekvenci: 5040)
2026-04-11 21:49:53,236 | INFO | Spremljeno 5050 batcheva... (Ukupno sekvenci: 5050)
2026-04-11 21:49:53,460 | INFO | Spremljeno 5060 batcheva... (Ukupno sekvenci: 5060)
2026-04-11 21:49:53,673 | INFO | Spremljeno 5070 batcheva... (Ukupno sekvenci: 5070)
2026-04-11 21:49:53,900 | INFO | Spremljeno 5080 batcheva... (Ukupno sekvenci: 5080)
2026-04-11 21:49:54,127 | INFO | Spremljeno 5090 batcheva... (Ukupno sekvenci: 5090)
2026-04-11 21:49:54,356 | INFO | Spremljeno 5100 batcheva... (Ukupno sekvenci: 5100)
2026-04-11 21:49:54,572 | INFO | Spremljeno 5110 batcheva... (Ukupno sekvenci: 5110)
2026-04-11 21:49:54,790 | INFO | Spremljeno 5120 batcheva... (Ukupno sekvenci: 5120)
2026-04-11 21:49:55,015 | INFO | Spremljeno 5130 batcheva... (Ukupno sekvenci: 5130)
2026-04-11 21:49:55,242 | INFO | Spremljeno 5140 batcheva... (Ukupno sekvenci: 5140)
2026-04-11 21:49:55,485 | INFO | Spremljeno 5150 batcheva... (Ukupno sekvenci: 5150)
2026-04-11 21:49:55,719 | INFO | Spremljeno 5160 batcheva... (Ukupno sekvenci: 5160)
2026-04-11 21:49:55,949 | INFO | Spremljeno 5170 batcheva... (Ukupno sekvenci: 5170)
2026-04-11 21:49:56,176 | INFO | Spremljeno 5180 batcheva... (Ukupno sekvenci: 5180)
2026-04-11 21:49:56,413 | INFO | Spremljeno 5190 batcheva... (Ukupno sekvenci: 5190)
2026-04-11 21:49:56,643 | INFO | Spremljeno 5200 batcheva... (Ukupno sekvenci: 5200)
2026-04-11 21:49:56,883 | INFO | Spremljeno 5210 batcheva... (Ukupno sekvenci: 5210)
2026-04-11 21:49:57,105 | INFO | Spremljeno 5220 batcheva... (Ukupno sekvenci: 5220)
2026-04-11 21:49:57,329 | INFO | Spremljeno 5230 batcheva... (Ukupno sekvenci: 5230)
2026-04-11 21:49:57,541 | INFO | Spremljeno 5240 batcheva... (Ukupno sekvenci: 5240)
2026-04-11 21:49:57,756 | INFO | Spremljeno 5250 batcheva... (Ukupno sekvenci: 5250)
2026-04-11 21:49:57,976 | INFO | Spremljeno 5260 batcheva... (Ukupno sekvenci: 5260)
2026-04-11 21:49:58,188 | INFO | Spremljeno 5270 batcheva... (Ukupno sekvenci: 5270)
2026-04-11 21:49:58,410 | INFO | Spremljeno 5280 batcheva... (Ukupno sekvenci: 5280)
2026-04-11 21:49:58,649 | INFO | Spremljeno 5290 batcheva... (Ukupno sekvenci: 5290)
2026-04-11 21:49:58,878 | INFO | Spremljeno 5300 batcheva... (Ukupno sekvenci: 5300)
2026-04-11 21:49:59,118 | INFO | Spremljeno 5310 batcheva... (Ukupno sekvenci: 5310)
2026-04-11 21:49:59,359 | INFO | Spremljeno 5320 batcheva... (Ukupno sekvenci: 5320)
2026-04-11 21:49:59,627 | INFO | Spremljeno 5330 batcheva... (Ukupno sekvenci: 5330)
2026-04-11 21:49:59,847 | INFO | Spremljeno 5340 batcheva... (Ukupno sekvenci: 5340)
2026-04-11 21:50:00,068 | INFO | Spremljeno 5350 batcheva... (Ukupno sekvenci: 5350)
2026-04-11 21:50:00,294 | INFO | Spremljeno 5360 batcheva... (Ukupno sekvenci: 5360)
2026-04-11 21:50:00,521 | INFO | Spremljeno 5370 batcheva... (Ukupno sekvenci: 5370)
2026-04-11 21:50:00,730 | INFO | Spremljeno 5380 batcheva... (Ukupno sekvenci: 5380)
2026-04-11 21:50:00,843 | INFO | Spremljeno 5390 batcheva... (Ukupno sekvenci: 5390)
2026-04-11 21:50:01,036 | INFO | Spremljeno 5400 batcheva... (Ukupno sekvenci: 5400)
2026-04-11 21:50:01,252 | INFO | Spremljeno 5410 batcheva... (Ukupno sekvenci: 5410)
2026-04-11 21:50:01,467 | INFO | Spremljeno 5420 batcheva... (Ukupno sekvenci: 5420)
2026-04-11 21:50:01,690 | INFO | Spremljeno 5430 batcheva... (Ukupno sekvenci: 5430)
2026-04-11 21:50:01,899 | INFO | Spremljeno 5440 batcheva... (Ukupno sekvenci: 5440)
2026-04-11 21:50:02,120 | INFO | Spremljeno 5450 batcheva... (Ukupno sekvenci: 5450)
2026-04-11 21:50:02,338 | INFO | Spremljeno 5460 batcheva... (Ukupno sekvenci: 5460)
2026-04-11 21:50:02,560 | INFO | Spremljeno 5470 batcheva... (Ukupno sekvenci: 5470)
2026-04-11 21:50:02,775 | INFO | Spremljeno 5480 batcheva... (Ukupno sekvenci: 5480)
2026-04-11 21:50:02,996 | INFO | Spremljeno 5490 batcheva... (Ukupno sekvenci: 5490)
2026-04-11 21:50:03,217 | INFO | Spremljeno 5500 batcheva... (Ukupno sekvenci: 5500)
2026-04-11 21:50:03,435 | INFO | Spremljeno 5510 batcheva... (Ukupno sekvenci: 5510)
2026-04-11 21:50:03,669 | INFO | Spremljeno 5520 batcheva... (Ukupno sekvenci: 5520)
2026-04-11 21:50:03,894 | INFO | Spremljeno 5530 batcheva... (Ukupno sekvenci: 5530)
2026-04-11 21:50:04,122 | INFO | Spremljeno 5540 batcheva... (Ukupno sekvenci: 5540)
2026-04-11 21:50:04,347 | INFO | Spremljeno 5550 batcheva... (Ukupno sekvenci: 5550)
2026-04-11 21:50:04,575 | INFO | Spremljeno 5560 batcheva... (Ukupno sekvenci: 5560)
2026-04-11 21:50:04,812 | INFO | Spremljeno 5570 batcheva... (Ukupno sekvenci: 5570)
2026-04-11 21:50:05,039 | INFO | Spremljeno 5580 batcheva... (Ukupno sekvenci: 5580)
2026-04-11 21:50:05,266 | INFO | Spremljeno 5590 batcheva... (Ukupno sekvenci: 5590)
2026-04-11 21:50:05,494 | INFO | Spremljeno 5600 batcheva... (Ukupno sekvenci: 5600)
2026-04-11 21:50:05,719 | INFO | Spremljeno 5610 batcheva... (Ukupno sekvenci: 5610)
2026-04-11 21:50:05,959 | INFO | Spremljeno 5620 batcheva... (Ukupno sekvenci: 5620)
2026-04-11 21:50:06,179 | INFO | Spremljeno 5630 batcheva... (Ukupno sekvenci: 5630)
2026-04-11 21:50:06,408 | INFO | Spremljeno 5640 batcheva... (Ukupno sekvenci: 5640)
2026-04-11 21:50:06,636 | INFO | Spremljeno 5650 batcheva... (Ukupno sekvenci: 5650)
2026-04-11 21:50:06,857 | INFO | Spremljeno 5660 batcheva... (Ukupno sekvenci: 5660)
2026-04-11 21:50:07,068 | INFO | Spremljeno 5670 batcheva... (Ukupno sekvenci: 5670)
2026-04-11 21:50:07,264 | INFO | Spremljeno 5680 batcheva... (Ukupno sekvenci: 5680)
2026-04-11 21:50:07,476 | INFO | Spremljeno 5690 batcheva... (Ukupno sekvenci: 5690)
2026-04-11 21:50:07,694 | INFO | Spremljeno 5700 batcheva... (Ukupno sekvenci: 5700)
2026-04-11 21:50:07,920 | INFO | Spremljeno 5710 batcheva... (Ukupno sekvenci: 5710)
2026-04-11 21:50:08,138 | INFO | Spremljeno 5720 batcheva... (Ukupno sekvenci: 5720)
2026-04-11 21:50:08,356 | INFO | Spremljeno 5730 batcheva... (Ukupno sekvenci: 5730)
2026-04-11 21:50:08,571 | INFO | Spremljeno 5740 batcheva... (Ukupno sekvenci: 5740)
2026-04-11 21:50:08,786 | INFO | Spremljeno 5750 batcheva... (Ukupno sekvenci: 5750)
2026-04-11 21:50:09,003 | INFO | Spremljeno 5760 batcheva... (Ukupno sekvenci: 5760)
2026-04-11 21:50:09,226 | INFO | Spremljeno 5770 batcheva... (Ukupno sekvenci: 5770)
2026-04-11 21:50:09,451 | INFO | Spremljeno 5780 batcheva... (Ukupno sekvenci: 5780)
2026-04-11 21:50:09,672 | INFO | Spremljeno 5790 batcheva... (Ukupno sekvenci: 5790)
2026-04-11 21:50:09,842 | INFO | Spremljeno 5800 batcheva... (Ukupno sekvenci: 5800)
2026-04-11 21:50:09,999 | INFO | Spremljeno 5810 batcheva... (Ukupno sekvenci: 5810)
2026-04-11 21:50:10,214 | INFO | Spremljeno 5820 batcheva... (Ukupno sekvenci: 5820)
2026-04-11 21:50:10,427 | INFO | Spremljeno 5830 batcheva... (Ukupno sekvenci: 5830)
2026-04-11 21:50:10,663 | INFO | Spremljeno 5840 batcheva... (Ukupno sekvenci: 5840)
2026-04-11 21:50:10,880 | INFO | Spremljeno 5850 batcheva... (Ukupno sekvenci: 5850)
2026-04-11 21:50:11,125 | INFO | Spremljeno 5860 batcheva... (Ukupno sekvenci: 5860)
2026-04-11 21:50:11,365 | INFO | Spremljeno 5870 batcheva... (Ukupno sekvenci: 5870)
2026-04-11 21:50:11,598 | INFO | Spremljeno 5880 batcheva... (Ukupno sekvenci: 5880)
2026-04-11 21:50:11,829 | INFO | Spremljeno 5890 batcheva... (Ukupno sekvenci: 5890)
2026-04-11 21:50:12,060 | INFO | Spremljeno 5900 batcheva... (Ukupno sekvenci: 5900)
2026-04-11 21:50:12,285 | INFO | Spremljeno 5910 batcheva... (Ukupno sekvenci: 5910)
2026-04-11 21:50:12,517 | INFO | Spremljeno 5920 batcheva... (Ukupno sekvenci: 5920)
2026-04-11 21:50:12,751 | INFO | Spremljeno 5930 batcheva... (Ukupno sekvenci: 5930)
2026-04-11 21:50:12,987 | INFO | Spremljeno 5940 batcheva... (Ukupno sekvenci: 5940)
2026-04-11 21:50:13,220 | INFO | Spremljeno 5950 batcheva... (Ukupno sekvenci: 5950)
2026-04-11 21:50:13,454 | INFO | Spremljeno 5960 batcheva... (Ukupno sekvenci: 5960)
2026-04-11 21:50:13,694 | INFO | Spremljeno 5970 batcheva... (Ukupno sekvenci: 5970)
2026-04-11 21:50:13,930 | INFO | Spremljeno 5980 batcheva... (Ukupno sekvenci: 5980)
2026-04-11 21:50:14,167 | INFO | Spremljeno 5990 batcheva... (Ukupno sekvenci: 5990)
2026-04-11 21:50:14,406 | INFO | Spremljeno 6000 batcheva... (Ukupno sekvenci: 6000)
2026-04-11 21:50:14,633 | INFO | Spremljeno 6010 batcheva... (Ukupno sekvenci: 6010)
2026-04-11 21:50:14,873 | INFO | Spremljeno 6020 batcheva... (Ukupno sekvenci: 6020)
2026-04-11 21:50:15,100 | INFO | Spremljeno 6030 batcheva... (Ukupno sekvenci: 6030)
2026-04-11 21:50:15,337 | INFO | Spremljeno 6040 batcheva... (Ukupno sekvenci: 6040)
2026-04-11 21:50:15,563 | INFO | Spremljeno 6050 batcheva... (Ukupno sekvenci: 6050)
2026-04-11 21:50:15,793 | INFO | Spremljeno 6060 batcheva... (Ukupno sekvenci: 6060)
2026-04-11 21:50:16,022 | INFO | Spremljeno 6070 batcheva... (Ukupno sekvenci: 6070)
2026-04-11 21:50:16,243 | INFO | Spremljeno 6080 batcheva... (Ukupno sekvenci: 6080)
2026-04-11 21:50:16,467 | INFO | Spremljeno 6090 batcheva... (Ukupno sekvenci: 6090)
2026-04-11 21:50:16,699 | INFO | Spremljeno 6100 batcheva... (Ukupno sekvenci: 6100)
2026-04-11 21:50:16,918 | INFO | Spremljeno 6110 batcheva... (Ukupno sekvenci: 6110)
2026-04-11 21:50:17,157 | INFO | Spremljeno 6120 batcheva... (Ukupno sekvenci: 6120)
2026-04-11 21:50:17,384 | INFO | Spremljeno 6130 batcheva... (Ukupno sekvenci: 6130)
2026-04-11 21:50:17,600 | INFO | Spremljeno 6140 batcheva... (Ukupno sekvenci: 6140)
2026-04-11 21:50:17,811 | INFO | Spremljeno 6150 batcheva... (Ukupno sekvenci: 6150)
2026-04-11 21:50:18,026 | INFO | Spremljeno 6160 batcheva... (Ukupno sekvenci: 6160)
2026-04-11 21:50:18,238 | INFO | Spremljeno 6170 batcheva... (Ukupno sekvenci: 6170)
2026-04-11 21:50:18,451 | INFO | Spremljeno 6180 batcheva... (Ukupno sekvenci: 6180)
2026-04-11 21:50:18,673 | INFO | Spremljeno 6190 batcheva... (Ukupno sekvenci: 6190)
2026-04-11 21:50:18,894 | INFO | Spremljeno 6200 batcheva... (Ukupno sekvenci: 6200)
2026-04-11 21:50:19,051 | INFO | Spremljeno 6210 batcheva... (Ukupno sekvenci: 6210)
2026-04-11 21:50:19,185 | INFO | Spremljeno 6220 batcheva... (Ukupno sekvenci: 6220)
2026-04-11 21:50:19,403 | INFO | Spremljeno 6230 batcheva... (Ukupno sekvenci: 6230)
2026-04-11 21:50:19,635 | INFO | Spremljeno 6240 batcheva... (Ukupno sekvenci: 6240)
2026-04-11 21:50:19,887 | INFO | Spremljeno 6250 batcheva... (Ukupno sekvenci: 6250)
2026-04-11 21:50:20,137 | INFO | Spremljeno 6260 batcheva... (Ukupno sekvenci: 6260)
2026-04-11 21:50:20,363 | INFO | Spremljeno 6270 batcheva... (Ukupno sekvenci: 6270)
2026-04-11 21:50:20,599 | INFO | Spremljeno 6280 batcheva... (Ukupno sekvenci: 6280)
2026-04-11 21:50:20,826 | INFO | Spremljeno 6290 batcheva... (Ukupno sekvenci: 6290)
2026-04-11 21:50:21,051 | INFO | Spremljeno 6300 batcheva... (Ukupno sekvenci: 6300)
2026-04-11 21:50:21,282 | INFO | Spremljeno 6310 batcheva... (Ukupno sekvenci: 6310)
2026-04-11 21:50:21,518 | INFO | Spremljeno 6320 batcheva... (Ukupno sekvenci: 6320)
2026-04-11 21:50:21,749 | INFO | Spremljeno 6330 batcheva... (Ukupno sekvenci: 6330)
2026-04-11 21:50:21,980 | INFO | Spremljeno 6340 batcheva... (Ukupno sekvenci: 6340)
2026-04-11 21:50:22,216 | INFO | Spremljeno 6350 batcheva... (Ukupno sekvenci: 6350)
2026-04-11 21:50:22,456 | INFO | Spremljeno 6360 batcheva... (Ukupno sekvenci: 6360)
2026-04-11 21:50:22,690 | INFO | Spremljeno 6370 batcheva... (Ukupno sekvenci: 6370)
2026-04-11 21:50:22,929 | INFO | Spremljeno 6380 batcheva... (Ukupno sekvenci: 6380)
2026-04-11 21:50:23,162 | INFO | Spremljeno 6390 batcheva... (Ukupno sekvenci: 6390)
2026-04-11 21:50:23,397 | INFO | Spremljeno 6400 batcheva... (Ukupno sekvenci: 6400)
2026-04-11 21:50:23,627 | INFO | Spremljeno 6410 batcheva... (Ukupno sekvenci: 6410)
2026-04-11 21:50:23,858 | INFO | Spremljeno 6420 batcheva... (Ukupno sekvenci: 6420)
2026-04-11 21:50:24,086 | INFO | Spremljeno 6430 batcheva... (Ukupno sekvenci: 6430)
2026-04-11 21:50:24,311 | INFO | Spremljeno 6440 batcheva... (Ukupno sekvenci: 6440)
2026-04-11 21:50:24,540 | INFO | Spremljeno 6450 batcheva... (Ukupno sekvenci: 6450)
2026-04-11 21:50:24,757 | INFO | Spremljeno 6460 batcheva... (Ukupno sekvenci: 6460)
2026-04-11 21:50:24,983 | INFO | Spremljeno 6470 batcheva... (Ukupno sekvenci: 6470)
2026-04-11 21:50:25,201 | INFO | Spremljeno 6480 batcheva... (Ukupno sekvenci: 6480)
2026-04-11 21:50:25,419 | INFO | Spremljeno 6490 batcheva... (Ukupno sekvenci: 6490)
2026-04-11 21:50:25,638 | INFO | Spremljeno 6500 batcheva... (Ukupno sekvenci: 6500)
2026-04-11 21:50:25,845 | INFO | Spremljeno 6510 batcheva... (Ukupno sekvenci: 6510)
2026-04-11 21:50:26,060 | INFO | Spremljeno 6520 batcheva... (Ukupno sekvenci: 6520)
2026-04-11 21:50:26,266 | INFO | Spremljeno 6530 batcheva... (Ukupno sekvenci: 6530)
2026-04-11 21:50:26,481 | INFO | Spremljeno 6540 batcheva... (Ukupno sekvenci: 6540)
2026-04-11 21:50:26,727 | INFO | Spremljeno 6550 batcheva... (Ukupno sekvenci: 6550)
2026-04-11 21:50:26,945 | INFO | Spremljeno 6560 batcheva... (Ukupno sekvenci: 6560)
2026-04-11 21:50:27,163 | INFO | Spremljeno 6570 batcheva... (Ukupno sekvenci: 6570)
2026-04-11 21:50:27,373 | INFO | Spremljeno 6580 batcheva... (Ukupno sekvenci: 6580)
2026-04-11 21:50:27,596 | INFO | Spremljeno 6590 batcheva... (Ukupno sekvenci: 6590)
2026-04-11 21:50:27,831 | INFO | Spremljeno 6600 batcheva... (Ukupno sekvenci: 6600)
2026-04-11 21:50:28,067 | INFO | Spremljeno 6610 batcheva... (Ukupno sekvenci: 6610)
2026-04-11 21:50:28,270 | INFO | Spremljeno 6620 batcheva... (Ukupno sekvenci: 6620)
2026-04-11 21:50:28,361 | INFO | Spremljeno 6630 batcheva... (Ukupno sekvenci: 6630)
2026-04-11 21:50:28,568 | INFO | Spremljeno 6640 batcheva... (Ukupno sekvenci: 6640)
2026-04-11 21:50:28,820 | INFO | Spremljeno 6650 batcheva... (Ukupno sekvenci: 6650)
2026-04-11 21:50:29,100 | INFO | Spremljeno 6660 batcheva... (Ukupno sekvenci: 6660)
2026-04-11 21:50:29,376 | INFO | Spremljeno 6670 batcheva... (Ukupno sekvenci: 6670)
2026-04-11 21:50:29,656 | INFO | Spremljeno 6680 batcheva... (Ukupno sekvenci: 6680)
2026-04-11 21:50:29,900 | INFO | Spremljeno 6690 batcheva... (Ukupno sekvenci: 6690)
2026-04-11 21:50:30,172 | INFO | Spremljeno 6700 batcheva... (Ukupno sekvenci: 6700)
2026-04-11 21:50:30,404 | INFO | Spremljeno 6710 batcheva... (Ukupno sekvenci: 6710)
2026-04-11 21:50:30,648 | INFO | Spremljeno 6720 batcheva... (Ukupno sekvenci: 6720)
2026-04-11 21:50:30,884 | INFO | Spremljeno 6730 batcheva... (Ukupno sekvenci: 6730)
2026-04-11 21:50:31,122 | INFO | Spremljeno 6740 batcheva... (Ukupno sekvenci: 6740)
2026-04-11 21:50:31,365 | INFO | Spremljeno 6750 batcheva... (Ukupno sekvenci: 6750)
2026-04-11 21:50:31,597 | INFO | Spremljeno 6760 batcheva... (Ukupno sekvenci: 6760)
2026-04-11 21:50:31,835 | INFO | Spremljeno 6770 batcheva... (Ukupno sekvenci: 6770)
2026-04-11 21:50:32,074 | INFO | Spremljeno 6780 batcheva... (Ukupno sekvenci: 6780)
2026-04-11 21:50:32,311 | INFO | Spremljeno 6790 batcheva... (Ukupno sekvenci: 6790)
2026-04-11 21:50:32,551 | INFO | Spremljeno 6800 batcheva... (Ukupno sekvenci: 6800)
2026-04-11 21:50:32,777 | INFO | Spremljeno 6810 batcheva... (Ukupno sekvenci: 6810)
2026-04-11 21:50:33,016 | INFO | Spremljeno 6820 batcheva... (Ukupno sekvenci: 6820)
2026-04-11 21:50:33,248 | INFO | Spremljeno 6830 batcheva... (Ukupno sekvenci: 6830)
2026-04-11 21:50:33,475 | INFO | Spremljeno 6840 batcheva... (Ukupno sekvenci: 6840)
2026-04-11 21:50:33,713 | INFO | Spremljeno 6850 batcheva... (Ukupno sekvenci: 6850)
2026-04-11 21:50:33,941 | INFO | Spremljeno 6860 batcheva... (Ukupno sekvenci: 6860)
2026-04-11 21:50:34,176 | INFO | Spremljeno 6870 batcheva... (Ukupno sekvenci: 6870)
2026-04-11 21:50:34,400 | INFO | Spremljeno 6880 batcheva... (Ukupno sekvenci: 6880)
2026-04-11 21:50:34,632 | INFO | Spremljeno 6890 batcheva... (Ukupno sekvenci: 6890)
2026-04-11 21:50:34,857 | INFO | Spremljeno 6900 batcheva... (Ukupno sekvenci: 6900)
2026-04-11 21:50:35,085 | INFO | Spremljeno 6910 batcheva... (Ukupno sekvenci: 6910)
2026-04-11 21:50:35,307 | INFO | Spremljeno 6920 batcheva... (Ukupno sekvenci: 6920)
2026-04-11 21:50:35,527 | INFO | Spremljeno 6930 batcheva... (Ukupno sekvenci: 6930)
2026-04-11 21:50:35,757 | INFO | Spremljeno 6940 batcheva... (Ukupno sekvenci: 6940)
2026-04-11 21:50:35,969 | INFO | Spremljeno 6950 batcheva... (Ukupno sekvenci: 6950)
2026-04-11 21:50:36,183 | INFO | Spremljeno 6960 batcheva... (Ukupno sekvenci: 6960)
2026-04-11 21:50:36,374 | INFO | Spremljeno 6970 batcheva... (Ukupno sekvenci: 6970)
2026-04-11 21:50:36,582 | INFO | Spremljeno 6980 batcheva... (Ukupno sekvenci: 6980)
2026-04-11 21:50:36,795 | INFO | Spremljeno 6990 batcheva... (Ukupno sekvenci: 6990)
2026-04-11 21:50:37,013 | INFO | Spremljeno 7000 batcheva... (Ukupno sekvenci: 7000)
2026-04-11 21:50:37,230 | INFO | Spremljeno 7010 batcheva... (Ukupno sekvenci: 7010)
2026-04-11 21:50:37,450 | INFO | Spremljeno 7020 batcheva... (Ukupno sekvenci: 7020)
2026-04-11 21:50:37,675 | INFO | Spremljeno 7030 batcheva... (Ukupno sekvenci: 7030)
2026-04-11 21:50:37,827 | INFO | Spremljeno 7040 batcheva... (Ukupno sekvenci: 7040)
2026-04-11 21:50:38,007 | INFO | Spremljeno 7050 batcheva... (Ukupno sekvenci: 7050)
2026-04-11 21:50:38,239 | INFO | Spremljeno 7060 batcheva... (Ukupno sekvenci: 7060)
2026-04-11 21:50:38,473 | INFO | Spremljeno 7070 batcheva... (Ukupno sekvenci: 7070)
2026-04-11 21:50:38,709 | INFO | Spremljeno 7080 batcheva... (Ukupno sekvenci: 7080)
2026-04-11 21:50:38,937 | INFO | Spremljeno 7090 batcheva... (Ukupno sekvenci: 7090)
2026-04-11 21:50:39,163 | INFO | Spremljeno 7100 batcheva... (Ukupno sekvenci: 7100)
2026-04-11 21:50:39,390 | INFO | Spremljeno 7110 batcheva... (Ukupno sekvenci: 7110)
2026-04-11 21:50:39,617 | INFO | Spremljeno 7120 batcheva... (Ukupno sekvenci: 7120)
2026-04-11 21:50:39,858 | INFO | Spremljeno 7130 batcheva... (Ukupno sekvenci: 7130)
2026-04-11 21:50:40,091 | INFO | Spremljeno 7140 batcheva... (Ukupno sekvenci: 7140)
2026-04-11 21:50:40,319 | INFO | Spremljeno 7150 batcheva... (Ukupno sekvenci: 7150)
2026-04-11 21:50:40,543 | INFO | Spremljeno 7160 batcheva... (Ukupno sekvenci: 7160)
2026-04-11 21:50:40,783 | INFO | Spremljeno 7170 batcheva... (Ukupno sekvenci: 7170)
2026-04-11 21:50:41,023 | INFO | Spremljeno 7180 batcheva... (Ukupno sekvenci: 7180)
2026-04-11 21:50:41,264 | INFO | Spremljeno 7190 batcheva... (Ukupno sekvenci: 7190)
2026-04-11 21:50:41,492 | INFO | Spremljeno 7200 batcheva... (Ukupno sekvenci: 7200)
2026-04-11 21:50:41,732 | INFO | Spremljeno 7210 batcheva... (Ukupno sekvenci: 7210)
2026-04-11 21:50:41,956 | INFO | Spremljeno 7220 batcheva... (Ukupno sekvenci: 7220)
2026-04-11 21:50:42,204 | INFO | Spremljeno 7230 batcheva... (Ukupno sekvenci: 7230)
2026-04-11 21:50:42,432 | INFO | Spremljeno 7240 batcheva... (Ukupno sekvenci: 7240)
2026-04-11 21:50:42,658 | INFO | Spremljeno 7250 batcheva... (Ukupno sekvenci: 7250)
2026-04-11 21:50:42,883 | INFO | Spremljeno 7260 batcheva... (Ukupno sekvenci: 7260)
2026-04-11 21:50:43,118 | INFO | Spremljeno 7270 batcheva... (Ukupno sekvenci: 7270)
2026-04-11 21:50:43,350 | INFO | Spremljeno 7280 batcheva... (Ukupno sekvenci: 7280)
2026-04-11 21:50:43,574 | INFO | Spremljeno 7290 batcheva... (Ukupno sekvenci: 7290)
2026-04-11 21:50:43,812 | INFO | Spremljeno 7300 batcheva... (Ukupno sekvenci: 7300)
2026-04-11 21:50:44,033 | INFO | Spremljeno 7310 batcheva... (Ukupno sekvenci: 7310)
2026-04-11 21:50:44,272 | INFO | Spremljeno 7320 batcheva... (Ukupno sekvenci: 7320)
2026-04-11 21:50:44,488 | INFO | Spremljeno 7330 batcheva... (Ukupno sekvenci: 7330)
2026-04-11 21:50:44,708 | INFO | Spremljeno 7340 batcheva... (Ukupno sekvenci: 7340)
2026-04-11 21:50:44,913 | INFO | Spremljeno 7350 batcheva... (Ukupno sekvenci: 7350)
2026-04-11 21:50:45,122 | INFO | Spremljeno 7360 batcheva... (Ukupno sekvenci: 7360)
2026-04-11 21:50:45,338 | INFO | Spremljeno 7370 batcheva... (Ukupno sekvenci: 7370)
2026-04-11 21:50:45,473 | INFO | Spremljeno 7380 batcheva... (Ukupno sekvenci: 7380)
2026-04-11 21:50:45,562 | INFO | Spremljeno 7390 batcheva... (Ukupno sekvenci: 7390)
2026-04-11 21:50:45,710 | INFO | Spremljeno 7400 batcheva... (Ukupno sekvenci: 7400)
2026-04-11 21:50:45,918 | INFO | Spremljeno 7410 batcheva... (Ukupno sekvenci: 7410)
2026-04-11 21:50:46,131 | INFO | Spremljeno 7420 batcheva... (Ukupno sekvenci: 7420)
2026-04-11 21:50:46,342 | INFO | Spremljeno 7430 batcheva... (Ukupno sekvenci: 7430)
2026-04-11 21:50:46,563 | INFO | Spremljeno 7440 batcheva... (Ukupno sekvenci: 7440)
2026-04-11 21:50:46,712 | INFO | Spremljeno 7450 batcheva... (Ukupno sekvenci: 7450)
2026-04-11 21:50:46,893 | INFO | Spremljeno 7460 batcheva... (Ukupno sekvenci: 7460)
2026-04-11 21:50:47,128 | INFO | Spremljeno 7470 batcheva... (Ukupno sekvenci: 7470)
2026-04-11 21:50:47,358 | INFO | Spremljeno 7480 batcheva... (Ukupno sekvenci: 7480)
2026-04-11 21:50:47,577 | INFO | Spremljeno 7490 batcheva... (Ukupno sekvenci: 7490)
2026-04-11 21:50:47,803 | INFO | Spremljeno 7500 batcheva... (Ukupno sekvenci: 7500)
2026-04-11 21:50:48,034 | INFO | Spremljeno 7510 batcheva... (Ukupno sekvenci: 7510)
2026-04-11 21:50:48,273 | INFO | Spremljeno 7520 batcheva... (Ukupno sekvenci: 7520)
2026-04-11 21:50:48,508 | INFO | Spremljeno 7530 batcheva... (Ukupno sekvenci: 7530)
2026-04-11 21:50:48,748 | INFO | Spremljeno 7540 batcheva... (Ukupno sekvenci: 7540)
2026-04-11 21:50:48,983 | INFO | Spremljeno 7550 batcheva... (Ukupno sekvenci: 7550)
2026-04-11 21:50:49,212 | INFO | Spremljeno 7560 batcheva... (Ukupno sekvenci: 7560)
2026-04-11 21:50:49,442 | INFO | Spremljeno 7570 batcheva... (Ukupno sekvenci: 7570)
2026-04-11 21:50:49,669 | INFO | Spremljeno 7580 batcheva... (Ukupno sekvenci: 7580)
2026-04-11 21:50:49,908 | INFO | Spremljeno 7590 batcheva... (Ukupno sekvenci: 7590)
2026-04-11 21:50:50,132 | INFO | Spremljeno 7600 batcheva... (Ukupno sekvenci: 7600)
2026-04-11 21:50:50,363 | INFO | Spremljeno 7610 batcheva... (Ukupno sekvenci: 7610)
2026-04-11 21:50:50,600 | INFO | Spremljeno 7620 batcheva... (Ukupno sekvenci: 7620)
2026-04-11 21:50:50,818 | INFO | Spremljeno 7630 batcheva... (Ukupno sekvenci: 7630)
2026-04-11 21:50:51,040 | INFO | Spremljeno 7640 batcheva... (Ukupno sekvenci: 7640)
2026-04-11 21:50:51,263 | INFO | Spremljeno 7650 batcheva... (Ukupno sekvenci: 7650)
2026-04-11 21:50:51,490 | INFO | Spremljeno 7660 batcheva... (Ukupno sekvenci: 7660)
2026-04-11 21:50:51,711 | INFO | Spremljeno 7670 batcheva... (Ukupno sekvenci: 7670)
2026-04-11 21:50:51,952 | INFO | Spremljeno 7680 batcheva... (Ukupno sekvenci: 7680)
2026-04-11 21:50:52,178 | INFO | Spremljeno 7690 batcheva... (Ukupno sekvenci: 7690)
2026-04-11 21:50:52,403 | INFO | Spremljeno 7700 batcheva... (Ukupno sekvenci: 7700)
2026-04-11 21:50:52,623 | INFO | Spremljeno 7710 batcheva... (Ukupno sekvenci: 7710)
2026-04-11 21:50:52,843 | INFO | Spremljeno 7720 batcheva... (Ukupno sekvenci: 7720)
2026-04-11 21:50:53,062 | INFO | Spremljeno 7730 batcheva... (Ukupno sekvenci: 7730)
2026-04-11 21:50:53,273 | INFO | Spremljeno 7740 batcheva... (Ukupno sekvenci: 7740)
2026-04-11 21:50:53,493 | INFO | Spremljeno 7750 batcheva... (Ukupno sekvenci: 7750)
2026-04-11 21:50:53,702 | INFO | Spremljeno 7760 batcheva... (Ukupno sekvenci: 7760)
2026-04-11 21:50:53,906 | INFO | Spremljeno 7770 batcheva... (Ukupno sekvenci: 7770)
2026-04-11 21:50:54,106 | INFO | Spremljeno 7780 batcheva... (Ukupno sekvenci: 7780)
2026-04-11 21:50:54,202 | INFO | Spremljeno 7790 batcheva... (Ukupno sekvenci: 7790)
2026-04-11 21:50:54,269 | INFO | Spremljeno 7800 batcheva... (Ukupno sekvenci: 7800)
2026-04-11 21:50:54,388 | INFO | Spremljeno 7810 batcheva... (Ukupno sekvenci: 7810)
2026-04-11 21:50:54,603 | INFO | Spremljeno 7820 batcheva... (Ukupno sekvenci: 7820)
2026-04-11 21:50:54,812 | INFO | Spremljeno 7830 batcheva... (Ukupno sekvenci: 7830)
2026-04-11 21:50:55,023 | INFO | Spremljeno 7840 batcheva... (Ukupno sekvenci: 7840)
2026-04-11 21:50:55,143 | INFO | Spremljeno 7850 batcheva... (Ukupno sekvenci: 7850)
2026-04-11 21:50:55,348 | INFO | Spremljeno 7860 batcheva... (Ukupno sekvenci: 7860)
2026-04-11 21:50:55,560 | INFO | Spremljeno 7870 batcheva... (Ukupno sekvenci: 7870)
2026-04-11 21:50:55,783 | INFO | Spremljeno 7880 batcheva... (Ukupno sekvenci: 7880)
2026-04-11 21:50:55,992 | INFO | Spremljeno 7890 batcheva... (Ukupno sekvenci: 7890)
2026-04-11 21:50:56,203 | INFO | Spremljeno 7900 batcheva... (Ukupno sekvenci: 7900)
2026-04-11 21:50:56,418 | INFO | Spremljeno 7910 batcheva... (Ukupno sekvenci: 7910)
2026-04-11 21:50:56,643 | INFO | Spremljeno 7920 batcheva... (Ukupno sekvenci: 7920)
2026-04-11 21:50:56,833 | INFO | Spremljeno 7930 batcheva... (Ukupno sekvenci: 7930)
2026-04-11 21:50:56,943 | INFO | Spremljeno 7940 batcheva... (Ukupno sekvenci: 7940)
2026-04-11 21:50:57,162 | INFO | Spremljeno 7950 batcheva... (Ukupno sekvenci: 7950)
2026-04-11 21:50:57,381 | INFO | Spremljeno 7960 batcheva... (Ukupno sekvenci: 7960)
2026-04-11 21:50:57,598 | INFO | Spremljeno 7970 batcheva... (Ukupno sekvenci: 7970)
2026-04-11 21:50:57,823 | INFO | Spremljeno 7980 batcheva... (Ukupno sekvenci: 7980)
2026-04-11 21:50:58,033 | INFO | Spremljeno 7990 batcheva... (Ukupno sekvenci: 7990)
2026-04-11 21:50:58,238 | INFO | Spremljeno 8000 batcheva... (Ukupno sekvenci: 8000)
2026-04-11 21:50:58,453 | INFO | Spremljeno 8010 batcheva... (Ukupno sekvenci: 8010)
2026-04-11 21:50:58,668 | INFO | Spremljeno 8020 batcheva... (Ukupno sekvenci: 8020)
2026-04-11 21:50:58,883 | INFO | Spremljeno 8030 batcheva... (Ukupno sekvenci: 8030)
2026-04-11 21:50:59,070 | INFO | Spremljeno 8040 batcheva... (Ukupno sekvenci: 8040)
2026-04-11 21:50:59,313 | INFO | Spremljeno 8050 batcheva... (Ukupno sekvenci: 8050)
2026-04-11 21:50:59,550 | INFO | Spremljeno 8060 batcheva... (Ukupno sekvenci: 8060)
2026-04-11 21:50:59,782 | INFO | Spremljeno 8070 batcheva... (Ukupno sekvenci: 8070)
2026-04-11 21:51:00,018 | INFO | Spremljeno 8080 batcheva... (Ukupno sekvenci: 8080)
2026-04-11 21:51:00,254 | INFO | Spremljeno 8090 batcheva... (Ukupno sekvenci: 8090)
2026-04-11 21:51:00,494 | INFO | Spremljeno 8100 batcheva... (Ukupno sekvenci: 8100)
2026-04-11 21:51:00,726 | INFO | Spremljeno 8110 batcheva... (Ukupno sekvenci: 8110)
2026-04-11 21:51:00,943 | INFO | Spremljeno 8120 batcheva... (Ukupno sekvenci: 8120)
2026-04-11 21:51:01,168 | INFO | Spremljeno 8130 batcheva... (Ukupno sekvenci: 8130)
2026-04-11 21:51:01,376 | INFO | Spremljeno 8140 batcheva... (Ukupno sekvenci: 8140)
2026-04-11 21:51:01,603 | INFO | Spremljeno 8150 batcheva... (Ukupno sekvenci: 8150)
2026-04-11 21:51:01,820 | INFO | Spremljeno 8160 batcheva... (Ukupno sekvenci: 8160)
2026-04-11 21:51:02,036 | INFO | Spremljeno 8170 batcheva... (Ukupno sekvenci: 8170)
2026-04-11 21:51:02,269 | INFO | Spremljeno 8180 batcheva... (Ukupno sekvenci: 8180)
2026-04-11 21:51:02,492 | INFO | Spremljeno 8190 batcheva... (Ukupno sekvenci: 8190)
2026-04-11 21:51:02,728 | INFO | Spremljeno 8200 batcheva... (Ukupno sekvenci: 8200)
2026-04-11 21:51:02,952 | INFO | Spremljeno 8210 batcheva... (Ukupno sekvenci: 8210)
2026-04-11 21:51:03,191 | INFO | Spremljeno 8220 batcheva... (Ukupno sekvenci: 8220)
2026-04-11 21:51:03,433 | INFO | Spremljeno 8230 batcheva... (Ukupno sekvenci: 8230)
2026-04-11 21:51:03,653 | INFO | Spremljeno 8240 batcheva... (Ukupno sekvenci: 8240)
2026-04-11 21:51:03,872 | INFO | Spremljeno 8250 batcheva... (Ukupno sekvenci: 8250)
2026-04-11 21:51:04,070 | INFO | Spremljeno 8260 batcheva... (Ukupno sekvenci: 8260)
2026-04-11 21:51:04,173 | INFO | Spremljeno 8270 batcheva... (Ukupno sekvenci: 8270)
2026-04-11 21:51:04,303 | INFO | Spremljeno 8280 batcheva... (Ukupno sekvenci: 8280)
2026-04-11 21:51:04,400 | INFO | Spremljeno 8290 batcheva... (Ukupno sekvenci: 8290)
2026-04-11 21:51:04,503 | INFO | Spremljeno 8300 batcheva... (Ukupno sekvenci: 8300)
2026-04-11 21:51:04,687 | INFO | Spremljeno 8310 batcheva... (Ukupno sekvenci: 8310)
2026-04-11 21:51:04,903 | INFO | Spremljeno 8320 batcheva... (Ukupno sekvenci: 8320)
2026-04-11 21:51:05,028 | INFO | Spremljeno 8330 batcheva... (Ukupno sekvenci: 8330)
2026-04-11 21:51:05,163 | INFO | Spremljeno 8340 batcheva... (Ukupno sekvenci: 8340)
2026-04-11 21:51:05,390 | INFO | Spremljeno 8350 batcheva... (Ukupno sekvenci: 8350)
2026-04-11 21:51:05,603 | INFO | Spremljeno 8360 batcheva... (Ukupno sekvenci: 8360)
2026-04-11 21:51:05,823 | INFO | Spremljeno 8370 batcheva... (Ukupno sekvenci: 8370)
2026-04-11 21:51:06,035 | INFO | Spremljeno 8380 batcheva... (Ukupno sekvenci: 8380)
2026-04-11 21:51:06,242 | INFO | Spremljeno 8390 batcheva... (Ukupno sekvenci: 8390)
2026-04-11 21:51:06,466 | INFO | Spremljeno 8400 batcheva... (Ukupno sekvenci: 8400)
2026-04-11 21:51:06,696 | INFO | Spremljeno 8410 batcheva... (Ukupno sekvenci: 8410)
2026-04-11 21:51:06,927 | INFO | Spremljeno 8420 batcheva... (Ukupno sekvenci: 8420)
2026-04-11 21:51:07,154 | INFO | Spremljeno 8430 batcheva... (Ukupno sekvenci: 8430)
2026-04-11 21:51:07,387 | INFO | Spremljeno 8440 batcheva... (Ukupno sekvenci: 8440)
2026-04-11 21:51:07,618 | INFO | Spremljeno 8450 batcheva... (Ukupno sekvenci: 8450)
2026-04-11 21:51:07,846 | INFO | Spremljeno 8460 batcheva... (Ukupno sekvenci: 8460)
2026-04-11 21:51:08,076 | INFO | Spremljeno 8470 batcheva... (Ukupno sekvenci: 8470)
2026-04-11 21:51:08,296 | INFO | Spremljeno 8480 batcheva... (Ukupno sekvenci: 8480)
2026-04-11 21:51:08,519 | INFO | Spremljeno 8490 batcheva... (Ukupno sekvenci: 8490)
2026-04-11 21:51:08,728 | INFO | Spremljeno 8500 batcheva... (Ukupno sekvenci: 8500)
2026-04-11 21:51:08,942 | INFO | Spremljeno 8510 batcheva... (Ukupno sekvenci: 8510)
2026-04-11 21:51:09,163 | INFO | Spremljeno 8520 batcheva... (Ukupno sekvenci: 8520)
2026-04-11 21:51:09,385 | INFO | Spremljeno 8530 batcheva... (Ukupno sekvenci: 8530)
2026-04-11 21:51:09,601 | INFO | Spremljeno 8540 batcheva... (Ukupno sekvenci: 8540)
2026-04-11 21:51:09,825 | INFO | Spremljeno 8550 batcheva... (Ukupno sekvenci: 8550)
2026-04-11 21:51:10,057 | INFO | Spremljeno 8560 batcheva... (Ukupno sekvenci: 8560)
2026-04-11 21:51:10,290 | INFO | Spremljeno 8570 batcheva... (Ukupno sekvenci: 8570)
2026-04-11 21:51:10,523 | INFO | Spremljeno 8580 batcheva... (Ukupno sekvenci: 8580)
2026-04-11 21:51:10,744 | INFO | Spremljeno 8590 batcheva... (Ukupno sekvenci: 8590)
2026-04-11 21:51:10,959 | INFO | Spremljeno 8600 batcheva... (Ukupno sekvenci: 8600)
2026-04-11 21:51:11,172 | INFO | Spremljeno 8610 batcheva... (Ukupno sekvenci: 8610)
2026-04-11 21:51:11,379 | INFO | Spremljeno 8620 batcheva... (Ukupno sekvenci: 8620)
2026-04-11 21:51:11,567 | INFO | Spremljeno 8630 batcheva... (Ukupno sekvenci: 8630)
2026-04-11 21:51:11,643 | INFO | Spremljeno 8640 batcheva... (Ukupno sekvenci: 8640)
2026-04-11 21:51:11,703 | INFO | Spremljeno 8650 batcheva... (Ukupno sekvenci: 8650)
2026-04-11 21:51:11,810 | INFO | Spremljeno 8660 batcheva... (Ukupno sekvenci: 8660)
2026-04-11 21:51:11,994 | INFO | Spremljeno 8670 batcheva... (Ukupno sekvenci: 8670)
2026-04-11 21:51:12,084 | INFO | Spremljeno 8680 batcheva... (Ukupno sekvenci: 8680)
2026-04-11 21:51:12,162 | INFO | Spremljeno 8690 batcheva... (Ukupno sekvenci: 8690)
2026-04-11 21:51:12,352 | INFO | Spremljeno 8700 batcheva... (Ukupno sekvenci: 8700)
2026-04-11 21:51:12,567 | INFO | Spremljeno 8710 batcheva... (Ukupno sekvenci: 8710)
2026-04-11 21:51:12,785 | INFO | Spremljeno 8720 batcheva... (Ukupno sekvenci: 8720)
2026-04-11 21:51:13,006 | INFO | Spremljeno 8730 batcheva... (Ukupno sekvenci: 8730)
2026-04-11 21:51:13,216 | INFO | Spremljeno 8740 batcheva... (Ukupno sekvenci: 8740)
2026-04-11 21:51:13,442 | INFO | Spremljeno 8750 batcheva... (Ukupno sekvenci: 8750)
2026-04-11 21:51:13,653 | INFO | Spremljeno 8760 batcheva... (Ukupno sekvenci: 8760)
2026-04-11 21:51:13,871 | INFO | Spremljeno 8770 batcheva... (Ukupno sekvenci: 8770)
2026-04-11 21:51:14,085 | INFO | Spremljeno 8780 batcheva... (Ukupno sekvenci: 8780)
2026-04-11 21:51:14,306 | INFO | Spremljeno 8790 batcheva... (Ukupno sekvenci: 8790)
2026-04-11 21:51:14,530 | INFO | Spremljeno 8800 batcheva... (Ukupno sekvenci: 8800)
2026-04-11 21:51:14,753 | INFO | Spremljeno 8810 batcheva... (Ukupno sekvenci: 8810)
2026-04-11 21:51:14,980 | INFO | Spremljeno 8820 batcheva... (Ukupno sekvenci: 8820)
2026-04-11 21:51:15,213 | INFO | Spremljeno 8830 batcheva... (Ukupno sekvenci: 8830)
2026-04-11 21:51:15,446 | INFO | Spremljeno 8840 batcheva... (Ukupno sekvenci: 8840)
2026-04-11 21:51:15,668 | INFO | Spremljeno 8850 batcheva... (Ukupno sekvenci: 8850)
2026-04-11 21:51:15,898 | INFO | Spremljeno 8860 batcheva... (Ukupno sekvenci: 8860)
2026-04-11 21:51:16,116 | INFO | Spremljeno 8870 batcheva... (Ukupno sekvenci: 8870)
2026-04-11 21:51:16,335 | INFO | Spremljeno 8880 batcheva... (Ukupno sekvenci: 8880)
2026-04-11 21:51:16,566 | INFO | Spremljeno 8890 batcheva... (Ukupno sekvenci: 8890)
2026-04-11 21:51:16,790 | INFO | Spremljeno 8900 batcheva... (Ukupno sekvenci: 8900)
2026-04-11 21:51:17,020 | INFO | Spremljeno 8910 batcheva... (Ukupno sekvenci: 8910)
2026-04-11 21:51:17,243 | INFO | Spremljeno 8920 batcheva... (Ukupno sekvenci: 8920)
2026-04-11 21:51:17,465 | INFO | Spremljeno 8930 batcheva... (Ukupno sekvenci: 8930)
2026-04-11 21:51:17,694 | INFO | Spremljeno 8940 batcheva... (Ukupno sekvenci: 8940)
2026-04-11 21:51:17,920 | INFO | Spremljeno 8950 batcheva... (Ukupno sekvenci: 8950)
2026-04-11 21:51:18,133 | INFO | Spremljeno 8960 batcheva... (Ukupno sekvenci: 8960)
2026-04-11 21:51:18,337 | INFO | Spremljeno 8970 batcheva... (Ukupno sekvenci: 8970)
2026-04-11 21:51:18,472 | INFO | Spremljeno 8980 batcheva... (Ukupno sekvenci: 8980)
2026-04-11 21:51:18,532 | INFO | Spremljeno 8990 batcheva... (Ukupno sekvenci: 8990)
2026-04-11 21:51:18,621 | INFO | Spremljeno 9000 batcheva... (Ukupno sekvenci: 9000)
2026-04-11 21:51:18,687 | INFO | Spremljeno 9010 batcheva... (Ukupno sekvenci: 9010)
2026-04-11 21:51:18,773 | INFO | Spremljeno 9020 batcheva... (Ukupno sekvenci: 9020)
2026-04-11 21:51:19,056 | INFO | Spremljeno 9030 batcheva... (Ukupno sekvenci: 9030)
2026-04-11 21:51:19,272 | INFO | Spremljeno 9040 batcheva... (Ukupno sekvenci: 9040)
2026-04-11 21:51:19,498 | INFO | Spremljeno 9050 batcheva... (Ukupno sekvenci: 9050)
2026-04-11 21:51:19,722 | INFO | Spremljeno 9060 batcheva... (Ukupno sekvenci: 9060)
2026-04-11 21:51:19,940 | INFO | Spremljeno 9070 batcheva... (Ukupno sekvenci: 9070)
2026-04-11 21:51:20,149 | INFO | Spremljeno 9080 batcheva... (Ukupno sekvenci: 9080)
2026-04-11 21:51:20,363 | INFO | Spremljeno 9090 batcheva... (Ukupno sekvenci: 9090)
2026-04-11 21:51:20,582 | INFO | Spremljeno 9100 batcheva... (Ukupno sekvenci: 9100)
2026-04-11 21:51:20,800 | INFO | Spremljeno 9110 batcheva... (Ukupno sekvenci: 9110)
2026-04-11 21:51:21,021 | INFO | Spremljeno 9120 batcheva... (Ukupno sekvenci: 9120)
2026-04-11 21:51:21,239 | INFO | Spremljeno 9130 batcheva... (Ukupno sekvenci: 9130)
2026-04-11 21:51:21,463 | INFO | Spremljeno 9140 batcheva... (Ukupno sekvenci: 9140)
2026-04-11 21:51:21,686 | INFO | Spremljeno 9150 batcheva... (Ukupno sekvenci: 9150)
2026-04-11 21:51:21,911 | INFO | Spremljeno 9160 batcheva... (Ukupno sekvenci: 9160)
2026-04-11 21:51:22,139 | INFO | Spremljeno 9170 batcheva... (Ukupno sekvenci: 9170)
2026-04-11 21:51:22,367 | INFO | Spremljeno 9180 batcheva... (Ukupno sekvenci: 9180)
2026-04-11 21:51:22,605 | INFO | Spremljeno 9190 batcheva... (Ukupno sekvenci: 9190)
2026-04-11 21:51:22,839 | INFO | Spremljeno 9200 batcheva... (Ukupno sekvenci: 9200)
2026-04-11 21:51:23,071 | INFO | Spremljeno 9210 batcheva... (Ukupno sekvenci: 9210)
2026-04-11 21:51:23,287 | INFO | Spremljeno 9220 batcheva... (Ukupno sekvenci: 9220)
2026-04-11 21:51:23,506 | INFO | Spremljeno 9230 batcheva... (Ukupno sekvenci: 9230)
2026-04-11 21:51:23,736 | INFO | Spremljeno 9240 batcheva... (Ukupno sekvenci: 9240)
2026-04-11 21:51:23,954 | INFO | Spremljeno 9250 batcheva... (Ukupno sekvenci: 9250)
2026-04-11 21:51:24,172 | INFO | Spremljeno 9260 batcheva... (Ukupno sekvenci: 9260)
2026-04-11 21:51:24,390 | INFO | Spremljeno 9270 batcheva... (Ukupno sekvenci: 9270)
2026-04-11 21:51:24,622 | INFO | Spremljeno 9280 batcheva... (Ukupno sekvenci: 9280)
2026-04-11 21:51:24,835 | INFO | Spremljeno 9290 batcheva... (Ukupno sekvenci: 9290)
2026-04-11 21:51:25,034 | INFO | Spremljeno 9300 batcheva... (Ukupno sekvenci: 9300)
2026-04-11 21:51:25,122 | INFO | Spremljeno 9310 batcheva... (Ukupno sekvenci: 9310)
2026-04-11 21:51:25,184 | INFO | Spremljeno 9320 batcheva... (Ukupno sekvenci: 9320)
2026-04-11 21:51:25,382 | INFO | Spremljeno 9330 batcheva... (Ukupno sekvenci: 9330)
2026-04-11 21:51:25,596 | INFO | Spremljeno 9340 batcheva... (Ukupno sekvenci: 9340)
2026-04-11 21:51:25,808 | INFO | Spremljeno 9350 batcheva... (Ukupno sekvenci: 9350)
2026-04-11 21:51:26,019 | INFO | Spremljeno 9360 batcheva... (Ukupno sekvenci: 9360)
2026-04-11 21:51:26,228 | INFO | Spremljeno 9370 batcheva... (Ukupno sekvenci: 9370)
2026-04-11 21:51:26,440 | INFO | Spremljeno 9380 batcheva... (Ukupno sekvenci: 9380)
2026-04-11 21:51:26,646 | INFO | Spremljeno 9390 batcheva... (Ukupno sekvenci: 9390)
2026-04-11 21:51:26,861 | INFO | Spremljeno 9400 batcheva... (Ukupno sekvenci: 9400)
2026-04-11 21:51:27,076 | INFO | Spremljeno 9410 batcheva... (Ukupno sekvenci: 9410)
2026-04-11 21:51:27,291 | INFO | Spremljeno 9420 batcheva... (Ukupno sekvenci: 9420)
2026-04-11 21:51:27,561 | INFO | Spremljeno 9430 batcheva... (Ukupno sekvenci: 9430)
2026-04-11 21:51:27,777 | INFO | Spremljeno 9440 batcheva... (Ukupno sekvenci: 9440)
2026-04-11 21:51:28,004 | INFO | Spremljeno 9450 batcheva... (Ukupno sekvenci: 9450)
2026-04-11 21:51:28,232 | INFO | Spremljeno 9460 batcheva... (Ukupno sekvenci: 9460)
2026-04-11 21:51:28,462 | INFO | Spremljeno 9470 batcheva... (Ukupno sekvenci: 9470)
2026-04-11 21:51:28,686 | INFO | Spremljeno 9480 batcheva... (Ukupno sekvenci: 9480)
2026-04-11 21:51:28,907 | INFO | Spremljeno 9490 batcheva... (Ukupno sekvenci: 9490)
2026-04-11 21:51:29,135 | INFO | Spremljeno 9500 batcheva... (Ukupno sekvenci: 9500)
2026-04-11 21:51:29,356 | INFO | Spremljeno 9510 batcheva... (Ukupno sekvenci: 9510)
2026-04-11 21:51:29,595 | INFO | Spremljeno 9520 batcheva... (Ukupno sekvenci: 9520)
2026-04-11 21:51:29,816 | INFO | Spremljeno 9530 batcheva... (Ukupno sekvenci: 9530)
2026-04-11 21:51:30,041 | INFO | Spremljeno 9540 batcheva... (Ukupno sekvenci: 9540)
2026-04-11 21:51:30,264 | INFO | Spremljeno 9550 batcheva... (Ukupno sekvenci: 9550)
2026-04-11 21:51:30,488 | INFO | Spremljeno 9560 batcheva... (Ukupno sekvenci: 9560)
2026-04-11 21:51:30,707 | INFO | Spremljeno 9570 batcheva... (Ukupno sekvenci: 9570)
2026-04-11 21:51:30,922 | INFO | Spremljeno 9580 batcheva... (Ukupno sekvenci: 9580)
2026-04-11 21:51:31,147 | INFO | Spremljeno 9590 batcheva... (Ukupno sekvenci: 9590)
2026-04-11 21:51:31,354 | INFO | Spremljeno 9600 batcheva... (Ukupno sekvenci: 9600)
2026-04-11 21:51:31,471 | INFO | Spremljeno 9610 batcheva... (Ukupno sekvenci: 9610)
2026-04-11 21:51:31,522 | INFO | Spremljeno 9620 batcheva... (Ukupno sekvenci: 9620)
2026-04-11 21:51:31,623 | INFO | Spremljeno 9630 batcheva... (Ukupno sekvenci: 9630)
2026-04-11 21:51:31,806 | INFO | Spremljeno 9640 batcheva... (Ukupno sekvenci: 9640)
2026-04-11 21:51:32,009 | INFO | Spremljeno 9650 batcheva... (Ukupno sekvenci: 9650)
2026-04-11 21:51:32,223 | INFO | Spremljeno 9660 batcheva... (Ukupno sekvenci: 9660)
2026-04-11 21:51:32,423 | INFO | Spremljeno 9670 batcheva... (Ukupno sekvenci: 9670)
2026-04-11 21:51:32,642 | INFO | Spremljeno 9680 batcheva... (Ukupno sekvenci: 9680)
2026-04-11 21:51:32,860 | INFO | Spremljeno 9690 batcheva... (Ukupno sekvenci: 9690)
2026-04-11 21:51:33,085 | INFO | Spremljeno 9700 batcheva... (Ukupno sekvenci: 9700)
2026-04-11 21:51:33,300 | INFO | Spremljeno 9710 batcheva... (Ukupno sekvenci: 9710)
2026-04-11 21:51:33,512 | INFO | Spremljeno 9720 batcheva... (Ukupno sekvenci: 9720)
2026-04-11 21:51:33,730 | INFO | Spremljeno 9730 batcheva... (Ukupno sekvenci: 9730)
2026-04-11 21:51:33,940 | INFO | Spremljeno 9740 batcheva... (Ukupno sekvenci: 9740)
2026-04-11 21:51:34,168 | INFO | Spremljeno 9750 batcheva... (Ukupno sekvenci: 9750)
2026-04-11 21:51:34,400 | INFO | Spremljeno 9760 batcheva... (Ukupno sekvenci: 9760)
2026-04-11 21:51:34,634 | INFO | Spremljeno 9770 batcheva... (Ukupno sekvenci: 9770)
2026-04-11 21:51:34,867 | INFO | Spremljeno 9780 batcheva... (Ukupno sekvenci: 9780)
2026-04-11 21:51:35,088 | INFO | Spremljeno 9790 batcheva... (Ukupno sekvenci: 9790)
2026-04-11 21:51:35,311 | INFO | Spremljeno 9800 batcheva... (Ukupno sekvenci: 9800)
2026-04-11 21:51:35,528 | INFO | Spremljeno 9810 batcheva... (Ukupno sekvenci: 9810)
2026-04-11 21:51:35,770 | INFO | Spremljeno 9820 batcheva... (Ukupno sekvenci: 9820)
2026-04-11 21:51:35,992 | INFO | Spremljeno 9830 batcheva... (Ukupno sekvenci: 9830)
2026-04-11 21:51:36,241 | INFO | Spremljeno 9840 batcheva... (Ukupno sekvenci: 9840)
2026-04-11 21:51:36,471 | INFO | Spremljeno 9850 batcheva... (Ukupno sekvenci: 9850)
2026-04-11 21:51:36,696 | INFO | Spremljeno 9860 batcheva... (Ukupno sekvenci: 9860)
2026-04-11 21:51:36,939 | INFO | Spremljeno 9870 batcheva... (Ukupno sekvenci: 9870)
2026-04-11 21:51:37,158 | INFO | Spremljeno 9880 batcheva... (Ukupno sekvenci: 9880)
2026-04-11 21:51:37,376 | INFO | Spremljeno 9890 batcheva... (Ukupno sekvenci: 9890)
2026-04-11 21:51:37,544 | INFO | Spremljeno 9900 batcheva... (Ukupno sekvenci: 9900)
2026-04-11 21:51:37,613 | INFO | Spremljeno 9910 batcheva... (Ukupno sekvenci: 9910)
2026-04-11 21:51:37,699 | INFO | Spremljeno 9920 batcheva... (Ukupno sekvenci: 9920)
2026-04-11 21:51:37,879 | INFO | Spremljeno 9930 batcheva... (Ukupno sekvenci: 9930)
2026-04-11 21:51:38,081 | INFO | Spremljeno 9940 batcheva... (Ukupno sekvenci: 9940)
2026-04-11 21:51:38,283 | INFO | Spremljeno 9950 batcheva... (Ukupno sekvenci: 9950)
2026-04-11 21:51:38,492 | INFO | Spremljeno 9960 batcheva... (Ukupno sekvenci: 9960)
2026-04-11 21:51:38,705 | INFO | Spremljeno 9970 batcheva... (Ukupno sekvenci: 9970)
2026-04-11 21:51:38,920 | INFO | Spremljeno 9980 batcheva... (Ukupno sekvenci: 9980)
2026-04-11 21:51:39,133 | INFO | Spremljeno 9990 batcheva... (Ukupno sekvenci: 9990)
2026-04-11 21:51:39,345 | INFO | Spremljeno 10000 batcheva... (Ukupno sekvenci: 10000)
2026-04-11 21:51:39,561 | INFO | Spremljeno 10010 batcheva... (Ukupno sekvenci: 10010)
2026-04-11 21:51:39,787 | INFO | Spremljeno 10020 batcheva... (Ukupno sekvenci: 10020)
2026-04-11 21:51:40,013 | INFO | Spremljeno 10030 batcheva... (Ukupno sekvenci: 10030)
2026-04-11 21:51:40,254 | INFO | Spremljeno 10040 batcheva... (Ukupno sekvenci: 10040)
2026-04-11 21:51:40,474 | INFO | Spremljeno 10050 batcheva... (Ukupno sekvenci: 10050)
2026-04-11 21:51:40,701 | INFO | Spremljeno 10060 batcheva... (Ukupno sekvenci: 10060)
2026-04-11 21:51:40,920 | INFO | Spremljeno 10070 batcheva... (Ukupno sekvenci: 10070)
2026-04-11 21:51:41,141 | INFO | Spremljeno 10080 batcheva... (Ukupno sekvenci: 10080)
2026-04-11 21:51:41,374 | INFO | Spremljeno 10090 batcheva... (Ukupno sekvenci: 10090)
2026-04-11 21:51:41,601 | INFO | Spremljeno 10100 batcheva... (Ukupno sekvenci: 10100)
2026-04-11 21:51:41,826 | INFO | Spremljeno 10110 batcheva... (Ukupno sekvenci: 10110)
2026-04-11 21:51:42,054 | INFO | Spremljeno 10120 batcheva... (Ukupno sekvenci: 10120)
2026-04-11 21:51:42,277 | INFO | Spremljeno 10130 batcheva... (Ukupno sekvenci: 10130)
2026-04-11 21:51:42,495 | INFO | Spremljeno 10140 batcheva... (Ukupno sekvenci: 10140)
2026-04-11 21:51:42,713 | INFO | Spremljeno 10150 batcheva... (Ukupno sekvenci: 10150)
2026-04-11 21:51:42,926 | INFO | Spremljeno 10160 batcheva... (Ukupno sekvenci: 10160)
2026-04-11 21:51:43,126 | INFO | Spremljeno 10170 batcheva... (Ukupno sekvenci: 10170)
2026-04-11 21:51:43,226 | INFO | Spremljeno 10180 batcheva... (Ukupno sekvenci: 10180)
2026-04-11 21:51:43,304 | INFO | Spremljeno 10190 batcheva... (Ukupno sekvenci: 10190)
2026-04-11 21:51:43,408 | INFO | Spremljeno 10200 batcheva... (Ukupno sekvenci: 10200)
2026-04-11 21:51:43,524 | INFO | Spremljeno 10210 batcheva... (Ukupno sekvenci: 10210)
2026-04-11 21:51:43,704 | INFO | Spremljeno 10220 batcheva... (Ukupno sekvenci: 10220)
2026-04-11 21:51:43,916 | INFO | Spremljeno 10230 batcheva... (Ukupno sekvenci: 10230)
2026-04-11 21:51:44,126 | INFO | Spremljeno 10240 batcheva... (Ukupno sekvenci: 10240)
2026-04-11 21:51:44,338 | INFO | Spremljeno 10250 batcheva... (Ukupno sekvenci: 10250)
2026-04-11 21:51:44,565 | INFO | Spremljeno 10260 batcheva... (Ukupno sekvenci: 10260)
2026-04-11 21:51:44,780 | INFO | Spremljeno 10270 batcheva... (Ukupno sekvenci: 10270)
2026-04-11 21:51:44,998 | INFO | Spremljeno 10280 batcheva... (Ukupno sekvenci: 10280)
2026-04-11 21:51:45,210 | INFO | Spremljeno 10290 batcheva... (Ukupno sekvenci: 10290)
2026-04-11 21:51:45,429 | INFO | Spremljeno 10300 batcheva... (Ukupno sekvenci: 10300)
2026-04-11 21:51:45,647 | INFO | Spremljeno 10310 batcheva... (Ukupno sekvenci: 10310)
2026-04-11 21:51:45,872 | INFO | Spremljeno 10320 batcheva... (Ukupno sekvenci: 10320)
2026-04-11 21:51:46,093 | INFO | Spremljeno 10330 batcheva... (Ukupno sekvenci: 10330)
2026-04-11 21:51:46,311 | INFO | Spremljeno 10340 batcheva... (Ukupno sekvenci: 10340)
2026-04-11 21:51:46,536 | INFO | Spremljeno 10350 batcheva... (Ukupno sekvenci: 10350)
2026-04-11 21:51:46,757 | INFO | Spremljeno 10360 batcheva... (Ukupno sekvenci: 10360)
2026-04-11 21:51:46,973 | INFO | Spremljeno 10370 batcheva... (Ukupno sekvenci: 10370)
2026-04-11 21:51:47,201 | INFO | Spremljeno 10380 batcheva... (Ukupno sekvenci: 10380)
2026-04-11 21:51:47,420 | INFO | Spremljeno 10390 batcheva... (Ukupno sekvenci: 10390)
2026-04-11 21:51:47,632 | INFO | Spremljeno 10400 batcheva... (Ukupno sekvenci: 10400)
2026-04-11 21:51:47,824 | INFO | Spremljeno 10410 batcheva... (Ukupno sekvenci: 10410)
2026-04-11 21:51:47,949 | INFO | Spremljeno 10420 batcheva... (Ukupno sekvenci: 10420)
2026-04-11 21:51:48,073 | INFO | Spremljeno 10430 batcheva... (Ukupno sekvenci: 10430)
2026-04-11 21:51:48,144 | INFO | Spremljeno 10440 batcheva... (Ukupno sekvenci: 10440)
2026-04-11 21:51:48,256 | INFO | Spremljeno 10450 batcheva... (Ukupno sekvenci: 10450)
2026-04-11 21:51:48,484 | INFO | Spremljeno 10460 batcheva... (Ukupno sekvenci: 10460)
2026-04-11 21:51:48,706 | INFO | Spremljeno 10470 batcheva... (Ukupno sekvenci: 10470)
2026-04-11 21:51:48,924 | INFO | Spremljeno 10480 batcheva... (Ukupno sekvenci: 10480)
2026-04-11 21:51:49,149 | INFO | Spremljeno 10490 batcheva... (Ukupno sekvenci: 10490)
2026-04-11 21:51:49,364 | INFO | Spremljeno 10500 batcheva... (Ukupno sekvenci: 10500)
2026-04-11 21:51:49,570 | INFO | Spremljeno 10510 batcheva... (Ukupno sekvenci: 10510)
2026-04-11 21:51:49,783 | INFO | Spremljeno 10520 batcheva... (Ukupno sekvenci: 10520)
2026-04-11 21:51:50,003 | INFO | Spremljeno 10530 batcheva... (Ukupno sekvenci: 10530)
2026-04-11 21:51:50,218 | INFO | Spremljeno 10540 batcheva... (Ukupno sekvenci: 10540)
2026-04-11 21:51:50,437 | INFO | Spremljeno 10550 batcheva... (Ukupno sekvenci: 10550)
2026-04-11 21:51:50,659 | INFO | Spremljeno 10560 batcheva... (Ukupno sekvenci: 10560)
2026-04-11 21:51:50,936 | INFO | Spremljeno 10570 batcheva... (Ukupno sekvenci: 10570)
2026-04-11 21:51:51,151 | INFO | Spremljeno 10580 batcheva... (Ukupno sekvenci: 10580)
2026-04-11 21:51:51,382 | INFO | Spremljeno 10590 batcheva... (Ukupno sekvenci: 10590)
2026-04-11 21:51:51,607 | INFO | Spremljeno 10600 batcheva... (Ukupno sekvenci: 10600)
2026-04-11 21:51:51,837 | INFO | Spremljeno 10610 batcheva... (Ukupno sekvenci: 10610)
2026-04-11 21:51:52,059 | INFO | Spremljeno 10620 batcheva... (Ukupno sekvenci: 10620)
2026-04-11 21:51:52,252 | INFO | Spremljeno 10630 batcheva... (Ukupno sekvenci: 10630)
2026-04-11 21:51:52,360 | INFO | Spremljeno 10640 batcheva... (Ukupno sekvenci: 10640)
2026-04-11 21:51:52,422 | INFO | Spremljeno 10650 batcheva... (Ukupno sekvenci: 10650)
2026-04-11 21:51:52,536 | INFO | Spremljeno 10660 batcheva... (Ukupno sekvenci: 10660)
2026-04-11 21:51:52,718 | INFO | Spremljeno 10670 batcheva... (Ukupno sekvenci: 10670)
2026-04-11 21:51:52,942 | INFO | Spremljeno 10680 batcheva... (Ukupno sekvenci: 10680)
2026-04-11 21:51:53,157 | INFO | Spremljeno 10690 batcheva... (Ukupno sekvenci: 10690)
2026-04-11 21:51:53,365 | INFO | Spremljeno 10700 batcheva... (Ukupno sekvenci: 10700)
2026-04-11 21:51:53,579 | INFO | Spremljeno 10710 batcheva... (Ukupno sekvenci: 10710)
2026-04-11 21:51:53,785 | INFO | Spremljeno 10720 batcheva... (Ukupno sekvenci: 10720)
2026-04-11 21:51:54,007 | INFO | Spremljeno 10730 batcheva... (Ukupno sekvenci: 10730)
2026-04-11 21:51:54,216 | INFO | Spremljeno 10740 batcheva... (Ukupno sekvenci: 10740)
2026-04-11 21:51:54,431 | INFO | Spremljeno 10750 batcheva... (Ukupno sekvenci: 10750)
2026-04-11 21:51:54,655 | INFO | Spremljeno 10760 batcheva... (Ukupno sekvenci: 10760)
2026-04-11 21:51:54,870 | INFO | Spremljeno 10770 batcheva... (Ukupno sekvenci: 10770)
2026-04-11 21:51:55,080 | INFO | Spremljeno 10780 batcheva... (Ukupno sekvenci: 10780)
2026-04-11 21:51:55,291 | INFO | Spremljeno 10790 batcheva... (Ukupno sekvenci: 10790)
2026-04-11 21:51:55,512 | INFO | Spremljeno 10800 batcheva... (Ukupno sekvenci: 10800)
2026-04-11 21:51:55,728 | INFO | Spremljeno 10810 batcheva... (Ukupno sekvenci: 10810)
2026-04-11 21:51:55,946 | INFO | Spremljeno 10820 batcheva... (Ukupno sekvenci: 10820)
2026-04-11 21:51:56,098 | INFO | Spremljeno 10830 batcheva... (Ukupno sekvenci: 10830)
2026-04-11 21:51:56,156 | INFO | Spremljeno 10840 batcheva... (Ukupno sekvenci: 10840)
2026-04-11 21:51:56,347 | INFO | Spremljeno 10850 batcheva... (Ukupno sekvenci: 10850)
2026-04-11 21:51:56,567 | INFO | Spremljeno 10860 batcheva... (Ukupno sekvenci: 10860)
2026-04-11 21:51:56,750 | INFO | Spremljeno 10870 batcheva... (Ukupno sekvenci: 10870)
2026-04-11 21:51:56,879 | INFO | Spremljeno 10880 batcheva... (Ukupno sekvenci: 10880)
2026-04-11 21:51:57,102 | INFO | Spremljeno 10890 batcheva... (Ukupno sekvenci: 10890)
2026-04-11 21:51:57,309 | INFO | Spremljeno 10900 batcheva... (Ukupno sekvenci: 10900)
2026-04-11 21:51:57,528 | INFO | Spremljeno 10910 batcheva... (Ukupno sekvenci: 10910)
2026-04-11 21:51:57,748 | INFO | Spremljeno 10920 batcheva... (Ukupno sekvenci: 10920)
2026-04-11 21:51:57,962 | INFO | Spremljeno 10930 batcheva... (Ukupno sekvenci: 10930)
2026-04-11 21:51:58,176 | INFO | Spremljeno 10940 batcheva... (Ukupno sekvenci: 10940)
2026-04-11 21:51:58,391 | INFO | Spremljeno 10950 batcheva... (Ukupno sekvenci: 10950)
2026-04-11 21:51:58,603 | INFO | Spremljeno 10960 batcheva... (Ukupno sekvenci: 10960)
2026-04-11 21:51:58,813 | INFO | Spremljeno 10970 batcheva... (Ukupno sekvenci: 10970)
2026-04-11 21:51:59,023 | INFO | Spremljeno 10980 batcheva... (Ukupno sekvenci: 10980)
2026-04-11 21:51:59,143 | INFO | Spremljeno 10990 batcheva... (Ukupno sekvenci: 10990)
2026-04-11 21:51:59,351 | INFO | Spremljeno 11000 batcheva... (Ukupno sekvenci: 11000)
2026-04-11 21:51:59,570 | INFO | Spremljeno 11010 batcheva... (Ukupno sekvenci: 11010)
2026-04-11 21:51:59,773 | INFO | Spremljeno 11020 batcheva... (Ukupno sekvenci: 11020)
2026-04-11 21:51:59,984 | INFO | Spremljeno 11030 batcheva... (Ukupno sekvenci: 11030)
2026-04-11 21:52:00,203 | INFO | Spremljeno 11040 batcheva... (Ukupno sekvenci: 11040)
2026-04-11 21:52:00,408 | INFO | Spremljeno 11050 batcheva... (Ukupno sekvenci: 11050)
2026-04-11 21:52:00,623 | INFO | Spremljeno 11060 batcheva... (Ukupno sekvenci: 11060)
2026-04-11 21:52:00,876 | INFO | Spremljeno 11070 batcheva... (Ukupno sekvenci: 11070)
2026-04-11 21:52:01,092 | INFO | Spremljeno 11080 batcheva... (Ukupno sekvenci: 11080)
2026-04-11 21:52:01,313 | INFO | Spremljeno 11090 batcheva... (Ukupno sekvenci: 11090)
2026-04-11 21:52:01,543 | INFO | Spremljeno 11100 batcheva... (Ukupno sekvenci: 11100)
2026-04-11 21:52:01,753 | INFO | Spremljeno 11110 batcheva... (Ukupno sekvenci: 11110)
2026-04-11 21:52:01,912 | INFO | Spremljeno 11120 batcheva... (Ukupno sekvenci: 11120)
2026-04-11 21:52:01,993 | INFO | Spremljeno 11130 batcheva... (Ukupno sekvenci: 11130)
2026-04-11 21:52:02,173 | INFO | Spremljeno 11140 batcheva... (Ukupno sekvenci: 11140)
2026-04-11 21:52:02,393 | INFO | Spremljeno 11150 batcheva... (Ukupno sekvenci: 11150)
2026-04-11 21:52:02,603 | INFO | Spremljeno 11160 batcheva... (Ukupno sekvenci: 11160)
2026-04-11 21:52:02,803 | INFO | Spremljeno 11170 batcheva... (Ukupno sekvenci: 11170)
2026-04-11 21:52:03,013 | INFO | Spremljeno 11180 batcheva... (Ukupno sekvenci: 11180)
2026-04-11 21:52:03,222 | INFO | Spremljeno 11190 batcheva... (Ukupno sekvenci: 11190)
2026-04-11 21:52:03,433 | INFO | Spremljeno 11200 batcheva... (Ukupno sekvenci: 11200)
2026-04-11 21:52:03,643 | INFO | Spremljeno 11210 batcheva... (Ukupno sekvenci: 11210)
2026-04-11 21:52:03,853 | INFO | Spremljeno 11220 batcheva... (Ukupno sekvenci: 11220)
2026-04-11 21:52:04,073 | INFO | Spremljeno 11230 batcheva... (Ukupno sekvenci: 11230)
2026-04-11 21:52:04,283 | INFO | Spremljeno 11240 batcheva... (Ukupno sekvenci: 11240)
2026-04-11 21:52:04,503 | INFO | Spremljeno 11250 batcheva... (Ukupno sekvenci: 11250)
2026-04-11 21:52:04,733 | INFO | Spremljeno 11260 batcheva... (Ukupno sekvenci: 11260)
2026-04-11 21:52:04,963 | INFO | Spremljeno 11270 batcheva... (Ukupno sekvenci: 11270)
2026-04-11 21:52:05,188 | INFO | Spremljeno 11280 batcheva... (Ukupno sekvenci: 11280)
2026-04-11 21:52:05,296 | INFO | Spremljeno 11290 batcheva... (Ukupno sekvenci: 11290)
2026-04-11 21:52:05,410 | INFO | Spremljeno 11300 batcheva... (Ukupno sekvenci: 11300)
2026-04-11 21:52:05,613 | INFO | Spremljeno 11310 batcheva... (Ukupno sekvenci: 11310)
2026-04-11 21:52:05,823 | INFO | Spremljeno 11320 batcheva... (Ukupno sekvenci: 11320)
2026-04-11 21:52:06,023 | INFO | Spremljeno 11330 batcheva... (Ukupno sekvenci: 11330)
2026-04-11 21:52:06,242 | INFO | Spremljeno 11340 batcheva... (Ukupno sekvenci: 11340)
2026-04-11 21:52:06,439 | INFO | Spremljeno 11350 batcheva... (Ukupno sekvenci: 11350)
2026-04-11 21:52:06,664 | INFO | Spremljeno 11360 batcheva... (Ukupno sekvenci: 11360)
2026-04-11 21:52:06,880 | INFO | Spremljeno 11370 batcheva... (Ukupno sekvenci: 11370)
2026-04-11 21:52:07,098 | INFO | Spremljeno 11380 batcheva... (Ukupno sekvenci: 11380)
2026-04-11 21:52:07,313 | INFO | Spremljeno 11390 batcheva... (Ukupno sekvenci: 11390)
2026-04-11 21:52:07,523 | INFO | Spremljeno 11400 batcheva... (Ukupno sekvenci: 11400)
2026-04-11 21:52:07,753 | INFO | Spremljeno 11410 batcheva... (Ukupno sekvenci: 11410)
2026-04-11 21:52:07,973 | INFO | Spremljeno 11420 batcheva... (Ukupno sekvenci: 11420)
2026-04-11 21:52:08,198 | INFO | Spremljeno 11430 batcheva... (Ukupno sekvenci: 11430)
2026-04-11 21:52:08,423 | INFO | Spremljeno 11440 batcheva... (Ukupno sekvenci: 11440)
2026-04-11 21:52:08,646 | INFO | Spremljeno 11450 batcheva... (Ukupno sekvenci: 11450)
2026-04-11 21:52:08,728 | INFO | Spremljeno 11460 batcheva... (Ukupno sekvenci: 11460)
2026-04-11 21:52:08,776 | INFO | Spremljeno 11470 batcheva... (Ukupno sekvenci: 11470)
2026-04-11 21:52:08,842 | INFO | Spremljeno 11480 batcheva... (Ukupno sekvenci: 11480)
2026-04-11 21:52:09,003 | INFO | Spremljeno 11490 batcheva... (Ukupno sekvenci: 11490)
2026-04-11 21:52:09,215 | INFO | Spremljeno 11500 batcheva... (Ukupno sekvenci: 11500)
2026-04-11 21:52:09,412 | INFO | Spremljeno 11510 batcheva... (Ukupno sekvenci: 11510)
2026-04-11 21:52:09,609 | INFO | Spremljeno 11520 batcheva... (Ukupno sekvenci: 11520)
2026-04-11 21:52:09,822 | INFO | Spremljeno 11530 batcheva... (Ukupno sekvenci: 11530)
2026-04-11 21:52:10,029 | INFO | Spremljeno 11540 batcheva... (Ukupno sekvenci: 11540)
2026-04-11 21:52:10,244 | INFO | Spremljeno 11550 batcheva... (Ukupno sekvenci: 11550)
2026-04-11 21:52:10,453 | INFO | Spremljeno 11560 batcheva... (Ukupno sekvenci: 11560)
2026-04-11 21:52:10,668 | INFO | Spremljeno 11570 batcheva... (Ukupno sekvenci: 11570)
2026-04-11 21:52:10,824 | INFO | Spremljeno 11580 batcheva... (Ukupno sekvenci: 11580)
2026-04-11 21:52:10,992 | INFO | Spremljeno 11590 batcheva... (Ukupno sekvenci: 11590)
2026-04-11 21:52:11,205 | INFO | Spremljeno 11600 batcheva... (Ukupno sekvenci: 11600)
2026-04-11 21:52:11,469 | INFO | Spremljeno 11610 batcheva... (Ukupno sekvenci: 11610)
2026-04-11 21:52:11,702 | INFO | Spremljeno 11620 batcheva... (Ukupno sekvenci: 11620)
2026-04-11 21:52:11,920 | INFO | Spremljeno 11630 batcheva... (Ukupno sekvenci: 11630)
2026-04-11 21:52:12,144 | INFO | Spremljeno 11640 batcheva... (Ukupno sekvenci: 11640)
2026-04-11 21:52:12,311 | INFO | Spremljeno 11650 batcheva... (Ukupno sekvenci: 11650)
2026-04-11 21:52:12,427 | INFO | Spremljeno 11660 batcheva... (Ukupno sekvenci: 11660)
2026-04-11 21:52:12,509 | INFO | Spremljeno 11670 batcheva... (Ukupno sekvenci: 11670)
2026-04-11 21:52:12,600 | INFO | Spremljeno 11680 batcheva... (Ukupno sekvenci: 11680)
2026-04-11 21:52:12,804 | INFO | Spremljeno 11690 batcheva... (Ukupno sekvenci: 11690)
2026-04-11 21:52:13,002 | INFO | Spremljeno 11700 batcheva... (Ukupno sekvenci: 11700)
2026-04-11 21:52:13,199 | INFO | Spremljeno 11710 batcheva... (Ukupno sekvenci: 11710)
2026-04-11 21:52:13,314 | INFO | Spremljeno 11720 batcheva... (Ukupno sekvenci: 11720)
2026-04-11 21:52:13,521 | INFO | Spremljeno 11730 batcheva... (Ukupno sekvenci: 11730)
2026-04-11 21:52:13,733 | INFO | Spremljeno 11740 batcheva... (Ukupno sekvenci: 11740)
2026-04-11 21:52:13,935 | INFO | Spremljeno 11750 batcheva... (Ukupno sekvenci: 11750)
2026-04-11 21:52:14,146 | INFO | Spremljeno 11760 batcheva... (Ukupno sekvenci: 11760)
2026-04-11 21:52:14,354 | INFO | Spremljeno 11770 batcheva... (Ukupno sekvenci: 11770)
2026-04-11 21:52:14,562 | INFO | Spremljeno 11780 batcheva... (Ukupno sekvenci: 11780)
2026-04-11 21:52:14,765 | INFO | Spremljeno 11790 batcheva... (Ukupno sekvenci: 11790)
2026-04-11 21:52:14,974 | INFO | Spremljeno 11800 batcheva... (Ukupno sekvenci: 11800)
2026-04-11 21:52:15,187 | INFO | Spremljeno 11810 batcheva... (Ukupno sekvenci: 11810)
2026-04-11 21:52:15,407 | INFO | Spremljeno 11820 batcheva... (Ukupno sekvenci: 11820)
2026-04-11 21:52:15,629 | INFO | Spremljeno 11830 batcheva... (Ukupno sekvenci: 11830)
2026-04-11 21:52:15,853 | INFO | Spremljeno 11840 batcheva... (Ukupno sekvenci: 11840)
2026-04-11 21:52:16,080 | INFO | Spremljeno 11850 batcheva... (Ukupno sekvenci: 11850)
2026-04-11 21:52:16,242 | INFO | Spremljeno 11860 batcheva... (Ukupno sekvenci: 11860)
2026-04-11 21:52:16,410 | INFO | Spremljeno 11870 batcheva... (Ukupno sekvenci: 11870)
2026-04-11 21:52:16,539 | INFO | Spremljeno 11880 batcheva... (Ukupno sekvenci: 11880)
2026-04-11 21:52:16,592 | INFO | Spremljeno 11890 batcheva... (Ukupno sekvenci: 11890)
2026-04-11 21:52:16,674 | INFO | Spremljeno 11900 batcheva... (Ukupno sekvenci: 11900)
2026-04-11 21:52:16,868 | INFO | Spremljeno 11910 batcheva... (Ukupno sekvenci: 11910)
2026-04-11 21:52:17,072 | INFO | Spremljeno 11920 batcheva... (Ukupno sekvenci: 11920)
2026-04-11 21:52:17,278 | INFO | Spremljeno 11930 batcheva... (Ukupno sekvenci: 11930)
2026-04-11 21:52:17,453 | INFO | Spremljeno 11940 batcheva... (Ukupno sekvenci: 11940)
2026-04-11 21:52:17,660 | INFO | Spremljeno 11950 batcheva... (Ukupno sekvenci: 11950)
2026-04-11 21:52:17,875 | INFO | Spremljeno 11960 batcheva... (Ukupno sekvenci: 11960)
2026-04-11 21:52:18,083 | INFO | Spremljeno 11970 batcheva... (Ukupno sekvenci: 11970)
2026-04-11 21:52:18,293 | INFO | Spremljeno 11980 batcheva... (Ukupno sekvenci: 11980)
2026-04-11 21:52:18,503 | INFO | Spremljeno 11990 batcheva... (Ukupno sekvenci: 11990)
2026-04-11 21:52:18,708 | INFO | Spremljeno 12000 batcheva... (Ukupno sekvenci: 12000)
2026-04-11 21:52:18,921 | INFO | Spremljeno 12010 batcheva... (Ukupno sekvenci: 12010)
2026-04-11 21:52:19,127 | INFO | Spremljeno 12020 batcheva... (Ukupno sekvenci: 12020)
2026-04-11 21:52:19,333 | INFO | Spremljeno 12030 batcheva... (Ukupno sekvenci: 12030)
2026-04-11 21:52:19,548 | INFO | Spremljeno 12040 batcheva... (Ukupno sekvenci: 12040)
2026-04-11 21:52:19,766 | INFO | Spremljeno 12050 batcheva... (Ukupno sekvenci: 12050)
2026-04-11 21:52:19,994 | INFO | Spremljeno 12060 batcheva... (Ukupno sekvenci: 12060)
2026-04-11 21:52:20,215 | INFO | Spremljeno 12070 batcheva... (Ukupno sekvenci: 12070)
2026-04-11 21:52:20,436 | INFO | Spremljeno 12080 batcheva... (Ukupno sekvenci: 12080)
2026-04-11 21:52:20,559 | INFO | Spremljeno 12090 batcheva... (Ukupno sekvenci: 12090)
2026-04-11 21:52:20,770 | INFO | Spremljeno 12100 batcheva... (Ukupno sekvenci: 12100)
2026-04-11 21:52:20,918 | INFO | Spremljeno 12110 batcheva... (Ukupno sekvenci: 12110)
2026-04-11 21:52:21,001 | INFO | Spremljeno 12120 batcheva... (Ukupno sekvenci: 12120)
2026-04-11 21:52:21,124 | INFO | Spremljeno 12130 batcheva... (Ukupno sekvenci: 12130)
2026-04-11 21:52:21,211 | INFO | Spremljeno 12140 batcheva... (Ukupno sekvenci: 12140)
2026-04-11 21:52:21,263 | INFO | Spremljeno 12150 batcheva... (Ukupno sekvenci: 12150)
2026-04-11 21:52:21,332 | INFO | Spremljeno 12160 batcheva... (Ukupno sekvenci: 12160)
2026-04-11 21:52:21,493 | INFO | Spremljeno 12170 batcheva... (Ukupno sekvenci: 12170)
2026-04-11 21:52:21,701 | INFO | Spremljeno 12180 batcheva... (Ukupno sekvenci: 12180)
2026-04-11 21:52:21,902 | INFO | Spremljeno 12190 batcheva... (Ukupno sekvenci: 12190)
2026-04-11 21:52:22,120 | INFO | Spremljeno 12200 batcheva... (Ukupno sekvenci: 12200)
2026-04-11 21:52:22,323 | INFO | Spremljeno 12210 batcheva... (Ukupno sekvenci: 12210)
2026-04-11 21:52:22,420 | INFO | Spremljeno 12220 batcheva... (Ukupno sekvenci: 12220)
2026-04-11 21:52:22,625 | INFO | Spremljeno 12230 batcheva... (Ukupno sekvenci: 12230)
2026-04-11 21:52:22,831 | INFO | Spremljeno 12240 batcheva... (Ukupno sekvenci: 12240)
2026-04-11 21:52:23,047 | INFO | Spremljeno 12250 batcheva... (Ukupno sekvenci: 12250)
2026-04-11 21:52:23,256 | INFO | Spremljeno 12260 batcheva... (Ukupno sekvenci: 12260)
2026-04-11 21:52:23,471 | INFO | Spremljeno 12270 batcheva... (Ukupno sekvenci: 12270)
2026-04-11 21:52:23,674 | INFO | Spremljeno 12280 batcheva... (Ukupno sekvenci: 12280)
2026-04-11 21:52:23,890 | INFO | Spremljeno 12290 batcheva... (Ukupno sekvenci: 12290)
2026-04-11 21:52:24,114 | INFO | Spremljeno 12300 batcheva... (Ukupno sekvenci: 12300)
2026-04-11 21:52:24,324 | INFO | Spremljeno 12310 batcheva... (Ukupno sekvenci: 12310)
2026-04-11 21:52:24,548 | INFO | Spremljeno 12320 batcheva... (Ukupno sekvenci: 12320)
2026-04-11 21:52:24,766 | INFO | Spremljeno 12330 batcheva... (Ukupno sekvenci: 12330)
2026-04-11 21:52:24,964 | INFO | Spremljeno 12340 batcheva... (Ukupno sekvenci: 12340)
2026-04-11 21:52:25,105 | INFO | Spremljeno 12350 batcheva... (Ukupno sekvenci: 12350)
2026-04-11 21:52:25,187 | INFO | Spremljeno 12360 batcheva... (Ukupno sekvenci: 12360)
2026-04-11 21:52:25,401 | INFO | Spremljeno 12370 batcheva... (Ukupno sekvenci: 12370)
2026-04-11 21:52:25,609 | INFO | Spremljeno 12380 batcheva... (Ukupno sekvenci: 12380)
2026-04-11 21:52:25,801 | INFO | Spremljeno 12390 batcheva... (Ukupno sekvenci: 12390)
2026-04-11 21:52:26,019 | INFO | Spremljeno 12400 batcheva... (Ukupno sekvenci: 12400)
2026-04-11 21:52:26,188 | INFO | Spremljeno 12410 batcheva... (Ukupno sekvenci: 12410)
2026-04-11 21:52:26,343 | INFO | Spremljeno 12420 batcheva... (Ukupno sekvenci: 12420)
2026-04-11 21:52:26,408 | INFO | Spremljeno 12430 batcheva... (Ukupno sekvenci: 12430)
2026-04-11 21:52:26,537 | INFO | Spremljeno 12440 batcheva... (Ukupno sekvenci: 12440)
2026-04-11 21:52:26,743 | INFO | Spremljeno 12450 batcheva... (Ukupno sekvenci: 12450)
2026-04-11 21:52:26,958 | INFO | Spremljeno 12460 batcheva... (Ukupno sekvenci: 12460)
2026-04-11 21:52:27,163 | INFO | Spremljeno 12470 batcheva... (Ukupno sekvenci: 12470)
2026-04-11 21:52:27,368 | INFO | Spremljeno 12480 batcheva... (Ukupno sekvenci: 12480)
2026-04-11 21:52:27,582 | INFO | Spremljeno 12490 batcheva... (Ukupno sekvenci: 12490)
2026-04-11 21:52:27,722 | INFO | Spremljeno 12500 batcheva... (Ukupno sekvenci: 12500)
2026-04-11 21:52:27,929 | INFO | Spremljeno 12510 batcheva... (Ukupno sekvenci: 12510)
2026-04-11 21:52:28,126 | INFO | Spremljeno 12520 batcheva... (Ukupno sekvenci: 12520)
2026-04-11 21:52:28,338 | INFO | Spremljeno 12530 batcheva... (Ukupno sekvenci: 12530)
2026-04-11 21:52:28,550 | INFO | Spremljeno 12540 batcheva... (Ukupno sekvenci: 12540)
2026-04-11 21:52:28,766 | INFO | Spremljeno 12550 batcheva... (Ukupno sekvenci: 12550)
2026-04-11 21:52:28,977 | INFO | Spremljeno 12560 batcheva... (Ukupno sekvenci: 12560)
2026-04-11 21:52:29,188 | INFO | Spremljeno 12570 batcheva... (Ukupno sekvenci: 12570)
2026-04-11 21:52:29,400 | INFO | Spremljeno 12580 batcheva... (Ukupno sekvenci: 12580)
2026-04-11 21:52:29,619 | INFO | Spremljeno 12590 batcheva... (Ukupno sekvenci: 12590)
2026-04-11 21:52:29,838 | INFO | Spremljeno 12600 batcheva... (Ukupno sekvenci: 12600)
2026-04-11 21:52:30,007 | INFO | Spremljeno 12610 batcheva... (Ukupno sekvenci: 12610)
2026-04-11 21:52:30,089 | INFO | Spremljeno 12620 batcheva... (Ukupno sekvenci: 12620)
2026-04-11 21:52:30,199 | INFO | Spremljeno 12630 batcheva... (Ukupno sekvenci: 12630)
2026-04-11 21:52:30,409 | INFO | Spremljeno 12640 batcheva... (Ukupno sekvenci: 12640)
2026-04-11 21:52:30,618 | INFO | Spremljeno 12650 batcheva... (Ukupno sekvenci: 12650)
2026-04-11 21:52:30,827 | INFO | Spremljeno 12660 batcheva... (Ukupno sekvenci: 12660)
2026-04-11 21:52:31,047 | INFO | Spremljeno 12670 batcheva... (Ukupno sekvenci: 12670)
2026-04-11 21:52:31,254 | INFO | Spremljeno 12680 batcheva... (Ukupno sekvenci: 12680)
2026-04-11 21:52:31,457 | INFO | Spremljeno 12690 batcheva... (Ukupno sekvenci: 12690)
2026-04-11 21:52:31,641 | INFO | Spremljeno 12700 batcheva... (Ukupno sekvenci: 12700)
2026-04-11 21:52:31,848 | INFO | Spremljeno 12710 batcheva... (Ukupno sekvenci: 12710)
2026-04-11 21:52:32,067 | INFO | Spremljeno 12720 batcheva... (Ukupno sekvenci: 12720)
2026-04-11 21:52:32,270 | INFO | Spremljeno 12730 batcheva... (Ukupno sekvenci: 12730)
2026-04-11 21:52:32,479 | INFO | Spremljeno 12740 batcheva... (Ukupno sekvenci: 12740)
2026-04-11 21:52:32,698 | INFO | Spremljeno 12750 batcheva... (Ukupno sekvenci: 12750)
2026-04-11 21:52:32,898 | INFO | Spremljeno 12760 batcheva... (Ukupno sekvenci: 12760)
2026-04-11 21:52:33,045 | INFO | Spremljeno 12770 batcheva... (Ukupno sekvenci: 12770)
2026-04-11 21:52:33,244 | INFO | Spremljeno 12780 batcheva... (Ukupno sekvenci: 12780)
2026-04-11 21:52:33,442 | INFO | Spremljeno 12790 batcheva... (Ukupno sekvenci: 12790)
2026-04-11 21:52:33,653 | INFO | Spremljeno 12800 batcheva... (Ukupno sekvenci: 12800)
2026-04-11 21:52:33,863 | INFO | Spremljeno 12810 batcheva... (Ukupno sekvenci: 12810)
2026-04-11 21:52:34,072 | INFO | Spremljeno 12820 batcheva... (Ukupno sekvenci: 12820)
2026-04-11 21:52:34,288 | INFO | Spremljeno 12830 batcheva... (Ukupno sekvenci: 12830)
2026-04-11 21:52:34,500 | INFO | Spremljeno 12840 batcheva... (Ukupno sekvenci: 12840)
2026-04-11 21:52:34,715 | INFO | Spremljeno 12850 batcheva... (Ukupno sekvenci: 12850)
2026-04-11 21:52:34,927 | INFO | Spremljeno 12860 batcheva... (Ukupno sekvenci: 12860)
2026-04-11 21:52:35,072 | INFO | Spremljeno 12870 batcheva... (Ukupno sekvenci: 12870)
2026-04-11 21:52:35,160 | INFO | Spremljeno 12880 batcheva... (Ukupno sekvenci: 12880)
2026-04-11 21:52:35,372 | INFO | Spremljeno 12890 batcheva... (Ukupno sekvenci: 12890)
2026-04-11 21:52:35,585 | INFO | Spremljeno 12900 batcheva... (Ukupno sekvenci: 12900)
2026-04-11 21:52:35,791 | INFO | Spremljeno 12910 batcheva... (Ukupno sekvenci: 12910)
2026-04-11 21:52:36,000 | INFO | Spremljeno 12920 batcheva... (Ukupno sekvenci: 12920)
2026-04-11 21:52:36,221 | INFO | Spremljeno 12930 batcheva... (Ukupno sekvenci: 12930)
2026-04-11 21:52:36,433 | INFO | Spremljeno 12940 batcheva... (Ukupno sekvenci: 12940)
2026-04-11 21:52:36,654 | INFO | Spremljeno 12950 batcheva... (Ukupno sekvenci: 12950)
2026-04-11 21:52:36,869 | INFO | Spremljeno 12960 batcheva... (Ukupno sekvenci: 12960)
2026-04-11 21:52:37,083 | INFO | Spremljeno 12970 batcheva... (Ukupno sekvenci: 12970)
2026-04-11 21:52:37,289 | INFO | Spremljeno 12980 batcheva... (Ukupno sekvenci: 12980)
2026-04-11 21:52:37,491 | INFO | Spremljeno 12990 batcheva... (Ukupno sekvenci: 12990)
2026-04-11 21:52:37,705 | INFO | Spremljeno 13000 batcheva... (Ukupno sekvenci: 13000)
2026-04-11 21:52:37,918 | INFO | Spremljeno 13010 batcheva... (Ukupno sekvenci: 13010)
2026-04-11 21:52:38,109 | INFO | Spremljeno 13020 batcheva... (Ukupno sekvenci: 13020)
2026-04-11 21:52:38,378 | INFO | Spremljeno 13030 batcheva... (Ukupno sekvenci: 13030)
2026-04-11 21:52:38,586 | INFO | Spremljeno 13040 batcheva... (Ukupno sekvenci: 13040)
2026-04-11 21:52:38,802 | INFO | Spremljeno 13050 batcheva... (Ukupno sekvenci: 13050)
2026-04-11 21:52:39,010 | INFO | Spremljeno 13060 batcheva... (Ukupno sekvenci: 13060)
2026-04-11 21:52:39,231 | INFO | Spremljeno 13070 batcheva... (Ukupno sekvenci: 13070)
2026-04-11 21:52:39,438 | INFO | Spremljeno 13080 batcheva... (Ukupno sekvenci: 13080)
2026-04-11 21:52:39,661 | INFO | Spremljeno 13090 batcheva... (Ukupno sekvenci: 13090)
2026-04-11 21:52:39,873 | INFO | Spremljeno 13100 batcheva... (Ukupno sekvenci: 13100)
2026-04-11 21:52:40,093 | INFO | Spremljeno 13110 batcheva... (Ukupno sekvenci: 13110)
2026-04-11 21:52:40,223 | INFO | Spremljeno 13120 batcheva... (Ukupno sekvenci: 13120)
2026-04-11 21:52:40,383 | INFO | Spremljeno 13130 batcheva... (Ukupno sekvenci: 13130)
2026-04-11 21:52:40,602 | INFO | Spremljeno 13140 batcheva... (Ukupno sekvenci: 13140)
2026-04-11 21:52:40,813 | INFO | Spremljeno 13150 batcheva... (Ukupno sekvenci: 13150)
2026-04-11 21:52:41,023 | INFO | Spremljeno 13160 batcheva... (Ukupno sekvenci: 13160)
2026-04-11 21:52:41,233 | INFO | Spremljeno 13170 batcheva... (Ukupno sekvenci: 13170)
2026-04-11 21:52:41,443 | INFO | Spremljeno 13180 batcheva... (Ukupno sekvenci: 13180)
2026-04-11 21:52:41,652 | INFO | Spremljeno 13190 batcheva... (Ukupno sekvenci: 13190)
2026-04-11 21:52:41,868 | INFO | Spremljeno 13200 batcheva... (Ukupno sekvenci: 13200)
2026-04-11 21:52:42,076 | INFO | Spremljeno 13210 batcheva... (Ukupno sekvenci: 13210)
2026-04-11 21:52:42,292 | INFO | Spremljeno 13220 batcheva... (Ukupno sekvenci: 13220)
2026-04-11 21:52:42,501 | INFO | Spremljeno 13230 batcheva... (Ukupno sekvenci: 13230)
2026-04-11 21:52:42,700 | INFO | Spremljeno 13240 batcheva... (Ukupno sekvenci: 13240)
2026-04-11 21:52:42,918 | INFO | Spremljeno 13250 batcheva... (Ukupno sekvenci: 13250)
2026-04-11 21:52:43,063 | INFO | Spremljeno 13260 batcheva... (Ukupno sekvenci: 13260)
2026-04-11 21:52:43,116 | INFO | Spremljeno 13270 batcheva... (Ukupno sekvenci: 13270)
2026-04-11 21:52:43,240 | INFO | Spremljeno 13280 batcheva... (Ukupno sekvenci: 13280)
2026-04-11 21:52:43,463 | INFO | Spremljeno 13290 batcheva... (Ukupno sekvenci: 13290)
2026-04-11 21:52:43,681 | INFO | Spremljeno 13300 batcheva... (Ukupno sekvenci: 13300)
2026-04-11 21:52:43,892 | INFO | Spremljeno 13310 batcheva... (Ukupno sekvenci: 13310)
2026-04-11 21:52:44,113 | INFO | Spremljeno 13320 batcheva... (Ukupno sekvenci: 13320)
2026-04-11 21:52:44,332 | INFO | Spremljeno 13330 batcheva... (Ukupno sekvenci: 13330)
2026-04-11 21:52:44,553 | INFO | Spremljeno 13340 batcheva... (Ukupno sekvenci: 13340)
2026-04-11 21:52:44,783 | INFO | Spremljeno 13350 batcheva... (Ukupno sekvenci: 13350)
2026-04-11 21:52:45,003 | INFO | Spremljeno 13360 batcheva... (Ukupno sekvenci: 13360)
2026-04-11 21:52:45,213 | INFO | Spremljeno 13370 batcheva... (Ukupno sekvenci: 13370)
2026-04-11 21:52:45,442 | INFO | Spremljeno 13380 batcheva... (Ukupno sekvenci: 13380)
2026-04-11 21:52:45,640 | INFO | Spremljeno 13390 batcheva... (Ukupno sekvenci: 13390)
2026-04-11 21:52:45,813 | INFO | Spremljeno 13400 batcheva... (Ukupno sekvenci: 13400)
2026-04-11 21:52:46,022 | INFO | Spremljeno 13410 batcheva... (Ukupno sekvenci: 13410)
2026-04-11 21:52:46,222 | INFO | Spremljeno 13420 batcheva... (Ukupno sekvenci: 13420)
2026-04-11 21:52:46,438 | INFO | Spremljeno 13430 batcheva... (Ukupno sekvenci: 13430)
2026-04-11 21:52:46,640 | INFO | Spremljeno 13440 batcheva... (Ukupno sekvenci: 13440)
2026-04-11 21:52:46,853 | INFO | Spremljeno 13450 batcheva... (Ukupno sekvenci: 13450)
2026-04-11 21:52:47,064 | INFO | Spremljeno 13460 batcheva... (Ukupno sekvenci: 13460)
2026-04-11 21:52:47,283 | INFO | Spremljeno 13470 batcheva... (Ukupno sekvenci: 13470)
2026-04-11 21:52:47,493 | INFO | Spremljeno 13480 batcheva... (Ukupno sekvenci: 13480)
2026-04-11 21:52:47,700 | INFO | Spremljeno 13490 batcheva... (Ukupno sekvenci: 13490)
2026-04-11 21:52:47,816 | INFO | Spremljeno 13500 batcheva... (Ukupno sekvenci: 13500)
2026-04-11 21:52:48,033 | INFO | Spremljeno 13510 batcheva... (Ukupno sekvenci: 13510)
2026-04-11 21:52:48,266 | INFO | Spremljeno 13520 batcheva... (Ukupno sekvenci: 13520)
2026-04-11 21:52:48,486 | INFO | Spremljeno 13530 batcheva... (Ukupno sekvenci: 13530)
2026-04-11 21:52:48,702 | INFO | Spremljeno 13540 batcheva... (Ukupno sekvenci: 13540)
2026-04-11 21:52:48,922 | INFO | Spremljeno 13550 batcheva... (Ukupno sekvenci: 13550)
2026-04-11 21:52:49,138 | INFO | Spremljeno 13560 batcheva... (Ukupno sekvenci: 13560)
2026-04-11 21:52:49,353 | INFO | Spremljeno 13570 batcheva... (Ukupno sekvenci: 13570)
2026-04-11 21:52:49,563 | INFO | Spremljeno 13580 batcheva... (Ukupno sekvenci: 13580)
2026-04-11 21:52:49,773 | INFO | Spremljeno 13590 batcheva... (Ukupno sekvenci: 13590)
2026-04-11 21:52:49,993 | INFO | Spremljeno 13600 batcheva... (Ukupno sekvenci: 13600)
2026-04-11 21:52:50,202 | INFO | Spremljeno 13610 batcheva... (Ukupno sekvenci: 13610)
2026-04-11 21:52:50,410 | INFO | Spremljeno 13620 batcheva... (Ukupno sekvenci: 13620)
2026-04-11 21:52:50,633 | INFO | Spremljeno 13630 batcheva... (Ukupno sekvenci: 13630)
2026-04-11 21:52:50,823 | INFO | Spremljeno 13640 batcheva... (Ukupno sekvenci: 13640)
2026-04-11 21:52:51,032 | INFO | Spremljeno 13650 batcheva... (Ukupno sekvenci: 13650)
2026-04-11 21:52:51,248 | INFO | Spremljeno 13660 batcheva... (Ukupno sekvenci: 13660)
2026-04-11 21:52:51,463 | INFO | Spremljeno 13670 batcheva... (Ukupno sekvenci: 13670)
2026-04-11 21:52:51,683 | INFO | Spremljeno 13680 batcheva... (Ukupno sekvenci: 13680)
2026-04-11 21:52:51,890 | INFO | Spremljeno 13690 batcheva... (Ukupno sekvenci: 13690)
2026-04-11 21:52:52,108 | INFO | Spremljeno 13700 batcheva... (Ukupno sekvenci: 13700)
2026-04-11 21:52:52,323 | INFO | Spremljeno 13710 batcheva... (Ukupno sekvenci: 13710)
2026-04-11 21:52:52,523 | INFO | Spremljeno 13720 batcheva... (Ukupno sekvenci: 13720)
2026-04-11 21:52:52,632 | INFO | Spremljeno 13730 batcheva... (Ukupno sekvenci: 13730)
2026-04-11 21:52:52,848 | INFO | Spremljeno 13740 batcheva... (Ukupno sekvenci: 13740)
2026-04-11 21:52:53,118 | INFO | Spremljeno 13750 batcheva... (Ukupno sekvenci: 13750)
2026-04-11 21:52:53,343 | INFO | Spremljeno 13760 batcheva... (Ukupno sekvenci: 13760)
2026-04-11 21:52:53,558 | INFO | Spremljeno 13770 batcheva... (Ukupno sekvenci: 13770)
2026-04-11 21:52:53,770 | INFO | Spremljeno 13780 batcheva... (Ukupno sekvenci: 13780)
2026-04-11 21:52:53,978 | INFO | Spremljeno 13790 batcheva... (Ukupno sekvenci: 13790)
2026-04-11 21:52:54,193 | INFO | Spremljeno 13800 batcheva... (Ukupno sekvenci: 13800)
2026-04-11 21:52:54,398 | INFO | Spremljeno 13810 batcheva... (Ukupno sekvenci: 13810)
2026-04-11 21:52:54,614 | INFO | Spremljeno 13820 batcheva... (Ukupno sekvenci: 13820)
2026-04-11 21:52:54,826 | INFO | Spremljeno 13830 batcheva... (Ukupno sekvenci: 13830)
2026-04-11 21:52:55,050 | INFO | Spremljeno 13840 batcheva... (Ukupno sekvenci: 13840)
2026-04-11 21:52:55,258 | INFO | Spremljeno 13850 batcheva... (Ukupno sekvenci: 13850)
2026-04-11 21:52:55,473 | INFO | Spremljeno 13860 batcheva... (Ukupno sekvenci: 13860)
2026-04-11 21:52:55,662 | INFO | Spremljeno 13870 batcheva... (Ukupno sekvenci: 13870)
2026-04-11 21:52:55,873 | INFO | Spremljeno 13880 batcheva... (Ukupno sekvenci: 13880)
2026-04-11 21:52:56,093 | INFO | Spremljeno 13890 batcheva... (Ukupno sekvenci: 13890)
2026-04-11 21:52:56,313 | INFO | Spremljeno 13900 batcheva... (Ukupno sekvenci: 13900)
2026-04-11 21:52:56,522 | INFO | Spremljeno 13910 batcheva... (Ukupno sekvenci: 13910)
2026-04-11 21:52:56,746 | INFO | Spremljeno 13920 batcheva... (Ukupno sekvenci: 13920)
2026-04-11 21:52:56,953 | INFO | Spremljeno 13930 batcheva... (Ukupno sekvenci: 13930)
2026-04-11 21:52:57,176 | INFO | Spremljeno 13940 batcheva... (Ukupno sekvenci: 13940)
2026-04-11 21:52:57,348 | INFO | Spremljeno 13950 batcheva... (Ukupno sekvenci: 13950)
2026-04-11 21:52:57,512 | INFO | Spremljeno 13960 batcheva... (Ukupno sekvenci: 13960)
2026-04-11 21:52:57,748 | INFO | Spremljeno 13970 batcheva... (Ukupno sekvenci: 13970)
2026-04-11 21:52:57,956 | INFO | Spremljeno 13980 batcheva... (Ukupno sekvenci: 13980)
2026-04-11 21:52:58,180 | INFO | Spremljeno 13990 batcheva... (Ukupno sekvenci: 13990)
2026-04-11 21:52:58,389 | INFO | Spremljeno 14000 batcheva... (Ukupno sekvenci: 14000)
2026-04-11 21:52:58,600 | INFO | Spremljeno 14010 batcheva... (Ukupno sekvenci: 14010)
2026-04-11 21:52:58,812 | INFO | Spremljeno 14020 batcheva... (Ukupno sekvenci: 14020)
2026-04-11 21:52:59,042 | INFO | Spremljeno 14030 batcheva... (Ukupno sekvenci: 14030)
2026-04-11 21:52:59,260 | INFO | Spremljeno 14040 batcheva... (Ukupno sekvenci: 14040)
2026-04-11 21:52:59,468 | INFO | Spremljeno 14050 batcheva... (Ukupno sekvenci: 14050)
2026-04-11 21:52:59,673 | INFO | Spremljeno 14060 batcheva... (Ukupno sekvenci: 14060)
2026-04-11 21:52:59,878 | INFO | Spremljeno 14070 batcheva... (Ukupno sekvenci: 14070)
2026-04-11 21:53:00,092 | INFO | Spremljeno 14080 batcheva... (Ukupno sekvenci: 14080)
2026-04-11 21:53:00,292 | INFO | Spremljeno 14090 batcheva... (Ukupno sekvenci: 14090)
2026-04-11 21:53:00,483 | INFO | Spremljeno 14100 batcheva... (Ukupno sekvenci: 14100)
2026-04-11 21:53:00,693 | INFO | Spremljeno 14110 batcheva... (Ukupno sekvenci: 14110)
2026-04-11 21:53:00,913 | INFO | Spremljeno 14120 batcheva... (Ukupno sekvenci: 14120)
2026-04-11 21:53:01,120 | INFO | Spremljeno 14130 batcheva... (Ukupno sekvenci: 14130)
2026-04-11 21:53:01,323 | INFO | Spremljeno 14140 batcheva... (Ukupno sekvenci: 14140)
2026-04-11 21:53:01,542 | INFO | Spremljeno 14150 batcheva... (Ukupno sekvenci: 14150)
2026-04-11 21:53:01,763 | INFO | Spremljeno 14160 batcheva... (Ukupno sekvenci: 14160)
2026-04-11 21:53:01,973 | INFO | Spremljeno 14170 batcheva... (Ukupno sekvenci: 14170)
2026-04-11 21:53:02,088 | INFO | Spremljeno 14180 batcheva... (Ukupno sekvenci: 14180)
2026-04-11 21:53:02,309 | INFO | Spremljeno 14190 batcheva... (Ukupno sekvenci: 14190)
2026-04-11 21:53:02,528 | INFO | Spremljeno 14200 batcheva... (Ukupno sekvenci: 14200)
2026-04-11 21:53:02,743 | INFO | Spremljeno 14210 batcheva... (Ukupno sekvenci: 14210)
2026-04-11 21:53:02,943 | INFO | Spremljeno 14220 batcheva... (Ukupno sekvenci: 14220)
2026-04-11 21:53:03,158 | INFO | Spremljeno 14230 batcheva... (Ukupno sekvenci: 14230)
2026-04-11 21:53:03,372 | INFO | Spremljeno 14240 batcheva... (Ukupno sekvenci: 14240)
2026-04-11 21:53:03,588 | INFO | Spremljeno 14250 batcheva... (Ukupno sekvenci: 14250)
2026-04-11 21:53:03,792 | INFO | Spremljeno 14260 batcheva... (Ukupno sekvenci: 14260)
2026-04-11 21:53:04,012 | INFO | Spremljeno 14270 batcheva... (Ukupno sekvenci: 14270)
2026-04-11 21:53:04,223 | INFO | Spremljeno 14280 batcheva... (Ukupno sekvenci: 14280)
2026-04-11 21:53:04,432 | INFO | Spremljeno 14290 batcheva... (Ukupno sekvenci: 14290)
2026-04-11 21:53:04,643 | INFO | Spremljeno 14300 batcheva... (Ukupno sekvenci: 14300)
2026-04-11 21:53:04,863 | INFO | Spremljeno 14310 batcheva... (Ukupno sekvenci: 14310)
2026-04-11 21:53:04,983 | INFO | Spremljeno 14320 batcheva... (Ukupno sekvenci: 14320)
2026-04-11 21:53:05,208 | INFO | Spremljeno 14330 batcheva... (Ukupno sekvenci: 14330)
2026-04-11 21:53:05,423 | INFO | Spremljeno 14340 batcheva... (Ukupno sekvenci: 14340)
2026-04-11 21:53:05,628 | INFO | Spremljeno 14350 batcheva... (Ukupno sekvenci: 14350)
2026-04-11 21:53:05,843 | INFO | Spremljeno 14360 batcheva... (Ukupno sekvenci: 14360)
2026-04-11 21:53:06,063 | INFO | Spremljeno 14370 batcheva... (Ukupno sekvenci: 14370)
2026-04-11 21:53:06,276 | INFO | Spremljeno 14380 batcheva... (Ukupno sekvenci: 14380)
2026-04-11 21:53:06,488 | INFO | Spremljeno 14390 batcheva... (Ukupno sekvenci: 14390)
2026-04-11 21:53:06,625 | INFO | Spremljeno 14400 batcheva... (Ukupno sekvenci: 14400)
2026-04-11 21:53:06,814 | INFO | Spremljeno 14410 batcheva... (Ukupno sekvenci: 14410)
2026-04-11 21:53:07,033 | INFO | Spremljeno 14420 batcheva... (Ukupno sekvenci: 14420)
2026-04-11 21:53:07,247 | INFO | Spremljeno 14430 batcheva... (Ukupno sekvenci: 14430)
2026-04-11 21:53:07,452 | INFO | Spremljeno 14440 batcheva... (Ukupno sekvenci: 14440)
2026-04-11 21:53:07,615 | INFO | Spremljeno 14450 batcheva... (Ukupno sekvenci: 14450)
2026-04-11 21:53:07,824 | INFO | Spremljeno 14460 batcheva... (Ukupno sekvenci: 14460)
2026-04-11 21:53:08,027 | INFO | Spremljeno 14470 batcheva... (Ukupno sekvenci: 14470)
2026-04-11 21:53:08,237 | INFO | Spremljeno 14480 batcheva... (Ukupno sekvenci: 14480)
2026-04-11 21:53:08,445 | INFO | Spremljeno 14490 batcheva... (Ukupno sekvenci: 14490)
2026-04-11 21:53:08,651 | INFO | Spremljeno 14500 batcheva... (Ukupno sekvenci: 14500)
2026-04-11 21:53:08,859 | INFO | Spremljeno 14510 batcheva... (Ukupno sekvenci: 14510)
2026-04-11 21:53:09,084 | INFO | Spremljeno 14520 batcheva... (Ukupno sekvenci: 14520)
2026-04-11 21:53:09,295 | INFO | Spremljeno 14530 batcheva... (Ukupno sekvenci: 14530)
2026-04-11 21:53:09,530 | INFO | Spremljeno 14540 batcheva... (Ukupno sekvenci: 14540)
2026-04-11 21:53:09,744 | INFO | Spremljeno 14550 batcheva... (Ukupno sekvenci: 14550)
2026-04-11 21:53:09,962 | INFO | Spremljeno 14560 batcheva... (Ukupno sekvenci: 14560)
2026-04-11 21:53:10,171 | INFO | Spremljeno 14570 batcheva... (Ukupno sekvenci: 14570)
2026-04-11 21:53:10,389 | INFO | Spremljeno 14580 batcheva... (Ukupno sekvenci: 14580)
2026-04-11 21:53:10,603 | INFO | Spremljeno 14590 batcheva... (Ukupno sekvenci: 14590)
2026-04-11 21:53:10,794 | INFO | Spremljeno 14600 batcheva... (Ukupno sekvenci: 14600)
2026-04-11 21:53:10,961 | INFO | Spremljeno 14610 batcheva... (Ukupno sekvenci: 14610)
2026-04-11 21:53:11,067 | INFO | Spremljeno 14620 batcheva... (Ukupno sekvenci: 14620)
2026-04-11 21:53:11,276 | INFO | Spremljeno 14630 batcheva... (Ukupno sekvenci: 14630)
2026-04-11 21:53:11,485 | INFO | Spremljeno 14640 batcheva... (Ukupno sekvenci: 14640)
2026-04-11 21:53:11,706 | INFO | Spremljeno 14650 batcheva... (Ukupno sekvenci: 14650)
2026-04-11 21:53:11,921 | INFO | Spremljeno 14660 batcheva... (Ukupno sekvenci: 14660)
2026-04-11 21:53:12,026 | INFO | Spremljeno 14670 batcheva... (Ukupno sekvenci: 14670)
2026-04-11 21:53:12,236 | INFO | Spremljeno 14680 batcheva... (Ukupno sekvenci: 14680)
2026-04-11 21:53:12,449 | INFO | Spremljeno 14690 batcheva... (Ukupno sekvenci: 14690)
2026-04-11 21:53:12,651 | INFO | Spremljeno 14700 batcheva... (Ukupno sekvenci: 14700)
2026-04-11 21:53:12,861 | INFO | Spremljeno 14710 batcheva... (Ukupno sekvenci: 14710)
2026-04-11 21:53:13,076 | INFO | Spremljeno 14720 batcheva... (Ukupno sekvenci: 14720)
2026-04-11 21:53:13,285 | INFO | Spremljeno 14730 batcheva... (Ukupno sekvenci: 14730)
2026-04-11 21:53:13,470 | INFO | Spremljeno 14740 batcheva... (Ukupno sekvenci: 14740)
2026-04-11 21:53:13,608 | INFO | Spremljeno 14750 batcheva... (Ukupno sekvenci: 14750)
2026-04-11 21:53:13,818 | INFO | Spremljeno 14760 batcheva... (Ukupno sekvenci: 14760)
2026-04-11 21:53:14,025 | INFO | Spremljeno 14770 batcheva... (Ukupno sekvenci: 14770)
2026-04-11 21:53:14,238 | INFO | Spremljeno 14780 batcheva... (Ukupno sekvenci: 14780)
2026-04-11 21:53:14,454 | INFO | Spremljeno 14790 batcheva... (Ukupno sekvenci: 14790)
2026-04-11 21:53:14,669 | INFO | Spremljeno 14800 batcheva... (Ukupno sekvenci: 14800)
2026-04-11 21:53:14,880 | INFO | Spremljeno 14810 batcheva... (Ukupno sekvenci: 14810)
2026-04-11 21:53:15,008 | INFO | Spremljeno 14820 batcheva... (Ukupno sekvenci: 14820)
2026-04-11 21:53:15,171 | INFO | Spremljeno 14830 batcheva... (Ukupno sekvenci: 14830)
2026-04-11 21:53:15,235 | INFO | Spremljeno 14840 batcheva... (Ukupno sekvenci: 14840)
2026-04-11 21:53:15,339 | INFO | Spremljeno 14850 batcheva... (Ukupno sekvenci: 14850)
2026-04-11 21:53:15,547 | INFO | Spremljeno 14860 batcheva... (Ukupno sekvenci: 14860)
2026-04-11 21:53:15,758 | INFO | Spremljeno 14870 batcheva... (Ukupno sekvenci: 14870)
2026-04-11 21:53:15,977 | INFO | Spremljeno 14880 batcheva... (Ukupno sekvenci: 14880)
2026-04-11 21:53:16,195 | INFO | Spremljeno 14890 batcheva... (Ukupno sekvenci: 14890)
2026-04-11 21:53:16,410 | INFO | Spremljeno 14900 batcheva... (Ukupno sekvenci: 14900)
2026-04-11 21:53:16,616 | INFO | Spremljeno 14910 batcheva... (Ukupno sekvenci: 14910)
2026-04-11 21:53:16,819 | INFO | Spremljeno 14920 batcheva... (Ukupno sekvenci: 14920)
2026-04-11 21:53:17,030 | INFO | Spremljeno 14930 batcheva... (Ukupno sekvenci: 14930)
2026-04-11 21:53:17,247 | INFO | Spremljeno 14940 batcheva... (Ukupno sekvenci: 14940)
2026-04-11 21:53:17,457 | INFO | Spremljeno 14950 batcheva... (Ukupno sekvenci: 14950)
2026-04-11 21:53:17,669 | INFO | Spremljeno 14960 batcheva... (Ukupno sekvenci: 14960)
2026-04-11 21:53:17,900 | INFO | Spremljeno 14970 batcheva... (Ukupno sekvenci: 14970)
2026-04-11 21:53:18,146 | INFO | Spremljeno 14980 batcheva... (Ukupno sekvenci: 14980)
2026-04-11 21:53:18,394 | INFO | Spremljeno 14990 batcheva... (Ukupno sekvenci: 14990)
2026-04-11 21:53:18,642 | INFO | Spremljeno 15000 batcheva... (Ukupno sekvenci: 15000)
2026-04-11 21:53:18,885 | INFO | Spremljeno 15010 batcheva... (Ukupno sekvenci: 15010)
2026-04-11 21:53:19,121 | INFO | Spremljeno 15020 batcheva... (Ukupno sekvenci: 15020)
2026-04-11 21:53:19,245 | INFO | Spremljeno 15030 batcheva... (Ukupno sekvenci: 15030)
2026-04-11 21:53:19,336 | INFO | Spremljeno 15040 batcheva... (Ukupno sekvenci: 15040)
2026-04-11 21:53:19,534 | INFO | Spremljeno 15050 batcheva... (Ukupno sekvenci: 15050)
2026-04-11 21:53:19,749 | INFO | Spremljeno 15060 batcheva... (Ukupno sekvenci: 15060)
2026-04-11 21:53:19,963 | INFO | Spremljeno 15070 batcheva... (Ukupno sekvenci: 15070)
2026-04-11 21:53:20,182 | INFO | Spremljeno 15080 batcheva... (Ukupno sekvenci: 15080)
2026-04-11 21:53:20,393 | INFO | Spremljeno 15090 batcheva... (Ukupno sekvenci: 15090)
2026-04-11 21:53:20,610 | INFO | Spremljeno 15100 batcheva... (Ukupno sekvenci: 15100)
2026-04-11 21:53:20,825 | INFO | Spremljeno 15110 batcheva... (Ukupno sekvenci: 15110)
2026-04-11 21:53:21,036 | INFO | Spremljeno 15120 batcheva... (Ukupno sekvenci: 15120)
2026-04-11 21:53:21,253 | INFO | Spremljeno 15130 batcheva... (Ukupno sekvenci: 15130)
2026-04-11 21:53:21,467 | INFO | Spremljeno 15140 batcheva... (Ukupno sekvenci: 15140)
2026-04-11 21:53:21,678 | INFO | Spremljeno 15150 batcheva... (Ukupno sekvenci: 15150)
2026-04-11 21:53:21,882 | INFO | Spremljeno 15160 batcheva... (Ukupno sekvenci: 15160)
2026-04-11 21:53:22,093 | INFO | Spremljeno 15170 batcheva... (Ukupno sekvenci: 15170)
2026-04-11 21:53:22,304 | INFO | Spremljeno 15180 batcheva... (Ukupno sekvenci: 15180)
2026-04-11 21:53:22,514 | INFO | Spremljeno 15190 batcheva... (Ukupno sekvenci: 15190)
2026-04-11 21:53:22,724 | INFO | Spremljeno 15200 batcheva... (Ukupno sekvenci: 15200)
2026-04-11 21:53:22,888 | INFO | Spremljeno 15210 batcheva... (Ukupno sekvenci: 15210)
2026-04-11 21:53:22,939 | INFO | Spremljeno 15220 batcheva... (Ukupno sekvenci: 15220)
2026-04-11 21:53:23,037 | INFO | Spremljeno 15230 batcheva... (Ukupno sekvenci: 15230)
2026-04-11 21:53:23,176 | INFO | Spremljeno 15240 batcheva... (Ukupno sekvenci: 15240)
2026-04-11 21:53:23,369 | INFO | Spremljeno 15250 batcheva... (Ukupno sekvenci: 15250)
2026-04-11 21:53:23,585 | INFO | Spremljeno 15260 batcheva... (Ukupno sekvenci: 15260)
2026-04-11 21:53:23,799 | INFO | Spremljeno 15270 batcheva... (Ukupno sekvenci: 15270)
2026-04-11 21:53:24,013 | INFO | Spremljeno 15280 batcheva... (Ukupno sekvenci: 15280)
2026-04-11 21:53:24,222 | INFO | Spremljeno 15290 batcheva... (Ukupno sekvenci: 15290)
2026-04-11 21:53:24,425 | INFO | Spremljeno 15300 batcheva... (Ukupno sekvenci: 15300)
2026-04-11 21:53:24,636 | INFO | Spremljeno 15310 batcheva... (Ukupno sekvenci: 15310)
2026-04-11 21:53:24,842 | INFO | Spremljeno 15320 batcheva... (Ukupno sekvenci: 15320)
2026-04-11 21:53:25,055 | INFO | Spremljeno 15330 batcheva... (Ukupno sekvenci: 15330)
2026-04-11 21:53:25,263 | INFO | Spremljeno 15340 batcheva... (Ukupno sekvenci: 15340)
2026-04-11 21:53:25,471 | INFO | Spremljeno 15350 batcheva... (Ukupno sekvenci: 15350)
2026-04-11 21:53:25,687 | INFO | Spremljeno 15360 batcheva... (Ukupno sekvenci: 15360)
2026-04-11 21:53:25,889 | INFO | Spremljeno 15370 batcheva... (Ukupno sekvenci: 15370)
2026-04-11 21:53:26,091 | INFO | Spremljeno 15380 batcheva... (Ukupno sekvenci: 15380)
2026-04-11 21:53:26,234 | INFO | Spremljeno 15390 batcheva... (Ukupno sekvenci: 15390)
2026-04-11 21:53:26,313 | INFO | Spremljeno 15400 batcheva... (Ukupno sekvenci: 15400)
2026-04-11 21:53:26,473 | INFO | Spremljeno 15410 batcheva... (Ukupno sekvenci: 15410)
2026-04-11 21:53:26,685 | INFO | Spremljeno 15420 batcheva... (Ukupno sekvenci: 15420)
2026-04-11 21:53:26,901 | INFO | Spremljeno 15430 batcheva... (Ukupno sekvenci: 15430)
2026-04-11 21:53:27,117 | INFO | Spremljeno 15440 batcheva... (Ukupno sekvenci: 15440)
2026-04-11 21:53:27,327 | INFO | Spremljeno 15450 batcheva... (Ukupno sekvenci: 15450)
2026-04-11 21:53:27,543 | INFO | Spremljeno 15460 batcheva... (Ukupno sekvenci: 15460)
2026-04-11 21:53:27,756 | INFO | Spremljeno 15470 batcheva... (Ukupno sekvenci: 15470)
2026-04-11 21:53:27,887 | INFO | Spremljeno 15480 batcheva... (Ukupno sekvenci: 15480)
2026-04-11 21:53:27,985 | INFO | Spremljeno 15490 batcheva... (Ukupno sekvenci: 15490)
2026-04-11 21:53:28,162 | INFO | Spremljeno 15500 batcheva... (Ukupno sekvenci: 15500)
2026-04-11 21:53:28,365 | INFO | Spremljeno 15510 batcheva... (Ukupno sekvenci: 15510)
2026-04-11 21:53:28,635 | INFO | Spremljeno 15520 batcheva... (Ukupno sekvenci: 15520)
2026-04-11 21:53:28,890 | INFO | Spremljeno 15530 batcheva... (Ukupno sekvenci: 15530)
2026-04-11 21:53:29,138 | INFO | Spremljeno 15540 batcheva... (Ukupno sekvenci: 15540)
2026-04-11 21:53:29,387 | INFO | Spremljeno 15550 batcheva... (Ukupno sekvenci: 15550)
2026-04-11 21:53:29,646 | INFO | Spremljeno 15560 batcheva... (Ukupno sekvenci: 15560)
2026-04-11 21:53:29,894 | INFO | Spremljeno 15570 batcheva... (Ukupno sekvenci: 15570)
2026-04-11 21:53:30,109 | INFO | Spremljeno 15580 batcheva... (Ukupno sekvenci: 15580)
2026-04-11 21:53:30,326 | INFO | Spremljeno 15590 batcheva... (Ukupno sekvenci: 15590)
2026-04-11 21:53:30,541 | INFO | Spremljeno 15600 batcheva... (Ukupno sekvenci: 15600)
2026-04-11 21:53:30,782 | INFO | Spremljeno 15610 batcheva... (Ukupno sekvenci: 15610)
2026-04-11 21:53:30,988 | INFO | Spremljeno 15620 batcheva... (Ukupno sekvenci: 15620)
2026-04-11 21:53:31,162 | INFO | Spremljeno 15630 batcheva... (Ukupno sekvenci: 15630)
2026-04-11 21:53:31,380 | INFO | Spremljeno 15640 batcheva... (Ukupno sekvenci: 15640)
2026-04-11 21:53:31,589 | INFO | Spremljeno 15650 batcheva... (Ukupno sekvenci: 15650)
2026-04-11 21:53:31,800 | INFO | Spremljeno 15660 batcheva... (Ukupno sekvenci: 15660)
2026-04-11 21:53:32,005 | INFO | Spremljeno 15670 batcheva... (Ukupno sekvenci: 15670)
2026-04-11 21:53:32,208 | INFO | Spremljeno 15680 batcheva... (Ukupno sekvenci: 15680)
2026-04-11 21:53:32,373 | INFO | Spremljeno 15690 batcheva... (Ukupno sekvenci: 15690)
2026-04-11 21:53:32,426 | INFO | Spremljeno 15700 batcheva... (Ukupno sekvenci: 15700)
2026-04-11 21:53:32,508 | INFO | Spremljeno 15710 batcheva... (Ukupno sekvenci: 15710)
2026-04-11 21:53:32,658 | INFO | Spremljeno 15720 batcheva... (Ukupno sekvenci: 15720)
2026-04-11 21:53:32,849 | INFO | Spremljeno 15730 batcheva... (Ukupno sekvenci: 15730)
2026-04-11 21:53:33,065 | INFO | Spremljeno 15740 batcheva... (Ukupno sekvenci: 15740)
2026-04-11 21:53:33,282 | INFO | Spremljeno 15750 batcheva... (Ukupno sekvenci: 15750)
2026-04-11 21:53:33,493 | INFO | Spremljeno 15760 batcheva... (Ukupno sekvenci: 15760)
2026-04-11 21:53:33,703 | INFO | Spremljeno 15770 batcheva... (Ukupno sekvenci: 15770)
2026-04-11 21:53:33,920 | INFO | Spremljeno 15780 batcheva... (Ukupno sekvenci: 15780)
2026-04-11 21:53:34,134 | INFO | Spremljeno 15790 batcheva... (Ukupno sekvenci: 15790)
2026-04-11 21:53:34,345 | INFO | Spremljeno 15800 batcheva... (Ukupno sekvenci: 15800)
2026-04-11 21:53:34,559 | INFO | Spremljeno 15810 batcheva... (Ukupno sekvenci: 15810)
2026-04-11 21:53:34,770 | INFO | Spremljeno 15820 batcheva... (Ukupno sekvenci: 15820)
2026-04-11 21:53:34,964 | INFO | Spremljeno 15830 batcheva... (Ukupno sekvenci: 15830)
2026-04-11 21:53:35,039 | INFO | Spremljeno 15840 batcheva... (Ukupno sekvenci: 15840)
2026-04-11 21:53:35,093 | INFO | Spremljeno 15850 batcheva... (Ukupno sekvenci: 15850)
2026-04-11 21:53:35,207 | INFO | Spremljeno 15860 batcheva... (Ukupno sekvenci: 15860)
2026-04-11 21:53:35,389 | INFO | Spremljeno 15870 batcheva... (Ukupno sekvenci: 15870)
2026-04-11 21:53:35,601 | INFO | Spremljeno 15880 batcheva... (Ukupno sekvenci: 15880)
2026-04-11 21:53:35,813 | INFO | Spremljeno 15890 batcheva... (Ukupno sekvenci: 15890)
2026-04-11 21:53:36,024 | INFO | Spremljeno 15900 batcheva... (Ukupno sekvenci: 15900)
2026-04-11 21:53:36,226 | INFO | Spremljeno 15910 batcheva... (Ukupno sekvenci: 15910)
2026-04-11 21:53:36,448 | INFO | Spremljeno 15920 batcheva... (Ukupno sekvenci: 15920)
2026-04-11 21:53:36,661 | INFO | Spremljeno 15930 batcheva... (Ukupno sekvenci: 15930)
2026-04-11 21:53:36,865 | INFO | Spremljeno 15940 batcheva... (Ukupno sekvenci: 15940)
2026-04-11 21:53:37,055 | INFO | Spremljeno 15950 batcheva... (Ukupno sekvenci: 15950)
2026-04-11 21:53:37,138 | INFO | Spremljeno 15960 batcheva... (Ukupno sekvenci: 15960)
2026-04-11 21:53:37,250 | INFO | Spremljeno 15970 batcheva... (Ukupno sekvenci: 15970)
2026-04-11 21:53:37,454 | INFO | Spremljeno 15980 batcheva... (Ukupno sekvenci: 15980)
2026-04-11 21:53:37,664 | INFO | Spremljeno 15990 batcheva... (Ukupno sekvenci: 15990)
2026-04-11 21:53:37,881 | INFO | Spremljeno 16000 batcheva... (Ukupno sekvenci: 16000)
2026-04-11 21:53:38,089 | INFO | Spremljeno 16010 batcheva... (Ukupno sekvenci: 16010)
2026-04-11 21:53:38,306 | INFO | Spremljeno 16020 batcheva... (Ukupno sekvenci: 16020)
2026-04-11 21:53:38,515 | INFO | Spremljeno 16030 batcheva... (Ukupno sekvenci: 16030)
2026-04-11 21:53:38,723 | INFO | Spremljeno 16040 batcheva... (Ukupno sekvenci: 16040)
2026-04-11 21:53:38,881 | INFO | Spremljeno 16050 batcheva... (Ukupno sekvenci: 16050)
2026-04-11 21:53:38,958 | INFO | Spremljeno 16060 batcheva... (Ukupno sekvenci: 16060)
2026-04-11 21:53:39,118 | INFO | Spremljeno 16070 batcheva... (Ukupno sekvenci: 16070)
2026-04-11 21:53:39,329 | INFO | Spremljeno 16080 batcheva... (Ukupno sekvenci: 16080)
2026-04-11 21:53:39,539 | INFO | Spremljeno 16090 batcheva... (Ukupno sekvenci: 16090)
2026-04-11 21:53:39,745 | INFO | Spremljeno 16100 batcheva... (Ukupno sekvenci: 16100)
2026-04-11 21:53:39,962 | INFO | Spremljeno 16110 batcheva... (Ukupno sekvenci: 16110)
2026-04-11 21:53:40,170 | INFO | Spremljeno 16120 batcheva... (Ukupno sekvenci: 16120)
2026-04-11 21:53:40,387 | INFO | Spremljeno 16130 batcheva... (Ukupno sekvenci: 16130)
2026-04-11 21:53:40,567 | INFO | Spremljeno 16140 batcheva... (Ukupno sekvenci: 16140)
2026-04-11 21:53:40,642 | INFO | Spremljeno 16150 batcheva... (Ukupno sekvenci: 16150)
2026-04-11 21:53:40,815 | INFO | Spremljeno 16160 batcheva... (Ukupno sekvenci: 16160)
2026-04-11 21:53:41,028 | INFO | Spremljeno 16170 batcheva... (Ukupno sekvenci: 16170)
2026-04-11 21:53:41,237 | INFO | Spremljeno 16180 batcheva... (Ukupno sekvenci: 16180)
2026-04-11 21:53:41,447 | INFO | Spremljeno 16190 batcheva... (Ukupno sekvenci: 16190)
2026-04-11 21:53:41,666 | INFO | Spremljeno 16200 batcheva... (Ukupno sekvenci: 16200)
2026-04-11 21:53:41,881 | INFO | Spremljeno 16210 batcheva... (Ukupno sekvenci: 16210)
2026-04-11 21:53:42,089 | INFO | Spremljeno 16220 batcheva... (Ukupno sekvenci: 16220)
2026-04-11 21:53:42,197 | INFO | Spremljeno 16230 batcheva... (Ukupno sekvenci: 16230)
2026-04-11 21:53:42,330 | INFO | Spremljeno 16240 batcheva... (Ukupno sekvenci: 16240)
2026-04-11 21:53:42,541 | INFO | Spremljeno 16250 batcheva... (Ukupno sekvenci: 16250)
2026-04-11 21:53:42,760 | INFO | Spremljeno 16260 batcheva... (Ukupno sekvenci: 16260)
2026-04-11 21:53:42,997 | INFO | Spremljeno 16270 batcheva... (Ukupno sekvenci: 16270)
2026-04-11 21:53:43,224 | INFO | Spremljeno 16280 batcheva... (Ukupno sekvenci: 16280)
2026-04-11 21:53:43,440 | INFO | Spremljeno 16290 batcheva... (Ukupno sekvenci: 16290)
2026-04-11 21:53:43,633 | INFO | Spremljeno 16300 batcheva... (Ukupno sekvenci: 16300)
2026-04-11 21:53:43,718 | INFO | Spremljeno 16310 batcheva... (Ukupno sekvenci: 16310)
2026-04-11 21:53:43,863 | INFO | Spremljeno 16320 batcheva... (Ukupno sekvenci: 16320)
2026-04-11 21:53:44,048 | INFO | Spremljeno 16330 batcheva... (Ukupno sekvenci: 16330)
2026-04-11 21:53:44,283 | INFO | Spremljeno 16340 batcheva... (Ukupno sekvenci: 16340)
2026-04-11 21:53:44,500 | INFO | Spremljeno 16350 batcheva... (Ukupno sekvenci: 16350)
2026-04-11 21:53:44,701 | INFO | Spremljeno 16360 batcheva... (Ukupno sekvenci: 16360)
2026-04-11 21:53:44,802 | INFO | Spremljeno 16370 batcheva... (Ukupno sekvenci: 16370)
2026-04-11 21:53:44,866 | INFO | Spremljeno 16380 batcheva... (Ukupno sekvenci: 16380)
2026-04-11 21:53:45,063 | INFO | Spremljeno 16390 batcheva... (Ukupno sekvenci: 16390)
2026-04-11 21:53:45,288 | INFO | Spremljeno 16400 batcheva... (Ukupno sekvenci: 16400)
2026-04-11 21:53:45,512 | INFO | Spremljeno 16410 batcheva... (Ukupno sekvenci: 16410)
2026-04-11 21:53:45,668 | INFO | Spremljeno 16420 batcheva... (Ukupno sekvenci: 16420)
2026-04-11 21:53:45,742 | INFO | Spremljeno 16430 batcheva... (Ukupno sekvenci: 16430)
2026-04-11 21:53:45,963 | INFO | Spremljeno 16440 batcheva... (Ukupno sekvenci: 16440)
2026-04-11 21:53:46,188 | INFO | Spremljeno 16450 batcheva... (Ukupno sekvenci: 16450)
2026-04-11 21:53:46,383 | INFO | Spremljeno 16460 batcheva... (Ukupno sekvenci: 16460)
2026-04-11 21:53:46,463 | INFO | Spremljeno 16470 batcheva... (Ukupno sekvenci: 16470)
2026-04-11 21:53:46,545 | INFO | Spremljeno 16480 batcheva... (Ukupno sekvenci: 16480)
2026-04-11 21:53:46,605 | INFO | Spremljeno 16490 batcheva... (Ukupno sekvenci: 16490)
2026-04-11 21:53:46,745 | INFO | Spremljeno 16500 batcheva... (Ukupno sekvenci: 16500)
2026-04-11 21:53:46,983 | INFO | Spremljeno 16510 batcheva... (Ukupno sekvenci: 16510)
2026-04-11 21:53:47,192 | INFO | Spremljeno 16520 batcheva... (Ukupno sekvenci: 16520)
2026-04-11 21:53:47,423 | INFO | Spremljeno 16530 batcheva... (Ukupno sekvenci: 16530)
2026-04-11 21:53:47,663 | INFO | Spremljeno 16540 batcheva... (Ukupno sekvenci: 16540)
2026-04-11 21:53:47,878 | INFO | Spremljeno 16550 batcheva... (Ukupno sekvenci: 16550)
2026-04-11 21:53:48,110 | INFO | Spremljeno 16560 batcheva... (Ukupno sekvenci: 16560)
2026-04-11 21:53:48,343 | INFO | Spremljeno 16570 batcheva... (Ukupno sekvenci: 16570)
2026-04-11 21:53:48,568 | INFO | Spremljeno 16580 batcheva... (Ukupno sekvenci: 16580)
2026-04-11 21:53:48,790 | INFO | Spremljeno 16590 batcheva... (Ukupno sekvenci: 16590)
2026-04-11 21:53:49,010 | INFO | Spremljeno 16600 batcheva... (Ukupno sekvenci: 16600)
2026-04-11 21:53:49,233 | INFO | Spremljeno 16610 batcheva... (Ukupno sekvenci: 16610)
2026-04-11 21:53:49,463 | INFO | Spremljeno 16620 batcheva... (Ukupno sekvenci: 16620)
2026-04-11 21:53:49,680 | INFO | Spremljeno 16630 batcheva... (Ukupno sekvenci: 16630)
2026-04-11 21:53:49,863 | INFO | Spremljeno 16640 batcheva... (Ukupno sekvenci: 16640)
2026-04-11 21:53:49,973 | INFO | Spremljeno 16650 batcheva... (Ukupno sekvenci: 16650)
2026-04-11 21:53:50,166 | INFO | Spremljeno 16660 batcheva... (Ukupno sekvenci: 16660)
2026-04-11 21:53:50,303 | INFO | Spremljeno 16670 batcheva... (Ukupno sekvenci: 16670)
2026-04-11 21:53:50,366 | INFO | Spremljeno 16680 batcheva... (Ukupno sekvenci: 16680)
2026-04-11 21:53:50,424 | INFO | Spremljeno 16690 batcheva... (Ukupno sekvenci: 16690)
2026-04-11 21:53:50,553 | INFO | Spremljeno 16700 batcheva... (Ukupno sekvenci: 16700)
2026-04-11 21:53:50,773 | INFO | Spremljeno 16710 batcheva... (Ukupno sekvenci: 16710)
2026-04-11 21:53:51,003 | INFO | Spremljeno 16720 batcheva... (Ukupno sekvenci: 16720)
2026-04-11 21:53:51,223 | INFO | Spremljeno 16730 batcheva... (Ukupno sekvenci: 16730)
2026-04-11 21:53:51,453 | INFO | Spremljeno 16740 batcheva... (Ukupno sekvenci: 16740)
2026-04-11 21:53:51,671 | INFO | Spremljeno 16750 batcheva... (Ukupno sekvenci: 16750)
2026-04-11 21:53:51,902 | INFO | Spremljeno 16760 batcheva... (Ukupno sekvenci: 16760)
2026-04-11 21:53:52,123 | INFO | Spremljeno 16770 batcheva... (Ukupno sekvenci: 16770)
2026-04-11 21:53:52,348 | INFO | Spremljeno 16780 batcheva... (Ukupno sekvenci: 16780)
2026-04-11 21:53:52,563 | INFO | Spremljeno 16790 batcheva... (Ukupno sekvenci: 16790)
2026-04-11 21:53:52,798 | INFO | Spremljeno 16800 batcheva... (Ukupno sekvenci: 16800)
2026-04-11 21:53:53,029 | INFO | Spremljeno 16810 batcheva... (Ukupno sekvenci: 16810)
2026-04-11 21:53:53,248 | INFO | Spremljeno 16820 batcheva... (Ukupno sekvenci: 16820)
2026-04-11 21:53:53,470 | INFO | Spremljeno 16830 batcheva... (Ukupno sekvenci: 16830)
2026-04-11 21:53:53,693 | INFO | Spremljeno 16840 batcheva... (Ukupno sekvenci: 16840)
2026-04-11 21:53:53,913 | INFO | Spremljeno 16850 batcheva... (Ukupno sekvenci: 16850)
2026-04-11 21:53:54,053 | INFO | Spremljeno 16860 batcheva... (Ukupno sekvenci: 16860)
2026-04-11 21:53:54,193 | INFO | Spremljeno 16870 batcheva... (Ukupno sekvenci: 16870)
2026-04-11 21:53:54,421 | INFO | Spremljeno 16880 batcheva... (Ukupno sekvenci: 16880)
2026-04-11 21:53:54,649 | INFO | Spremljeno 16890 batcheva... (Ukupno sekvenci: 16890)
2026-04-11 21:53:54,882 | INFO | Spremljeno 16900 batcheva... (Ukupno sekvenci: 16900)
2026-04-11 21:53:55,113 | INFO | Spremljeno 16910 batcheva... (Ukupno sekvenci: 16910)
2026-04-11 21:53:55,358 | INFO | Spremljeno 16920 batcheva... (Ukupno sekvenci: 16920)
2026-04-11 21:53:55,595 | INFO | Spremljeno 16930 batcheva... (Ukupno sekvenci: 16930)
2026-04-11 21:53:55,828 | INFO | Spremljeno 16940 batcheva... (Ukupno sekvenci: 16940)
2026-04-11 21:53:56,069 | INFO | Spremljeno 16950 batcheva... (Ukupno sekvenci: 16950)
2026-04-11 21:53:56,308 | INFO | Spremljeno 16960 batcheva... (Ukupno sekvenci: 16960)
2026-04-11 21:53:56,533 | INFO | Spremljeno 16970 batcheva... (Ukupno sekvenci: 16970)
2026-04-11 21:53:56,778 | INFO | Spremljeno 16980 batcheva... (Ukupno sekvenci: 16980)
2026-04-11 21:53:57,013 | INFO | Spremljeno 16990 batcheva... (Ukupno sekvenci: 16990)
2026-04-11 21:53:57,231 | INFO | Spremljeno 17000 batcheva... (Ukupno sekvenci: 17000)
2026-04-11 21:53:57,443 | INFO | Spremljeno 17010 batcheva... (Ukupno sekvenci: 17010)
2026-04-11 21:53:57,692 | INFO | Spremljeno 17020 batcheva... (Ukupno sekvenci: 17020)
2026-04-11 21:53:57,913 | INFO | Spremljeno 17030 batcheva... (Ukupno sekvenci: 17030)
2026-04-11 21:53:58,062 | INFO | Spremljeno 17040 batcheva... (Ukupno sekvenci: 17040)
2026-04-11 21:53:58,153 | INFO | Spremljeno 17050 batcheva... (Ukupno sekvenci: 17050)
2026-04-11 21:53:58,380 | INFO | Spremljeno 17060 batcheva... (Ukupno sekvenci: 17060)
2026-04-11 21:53:58,603 | INFO | Spremljeno 17070 batcheva... (Ukupno sekvenci: 17070)
2026-04-11 21:53:58,843 | INFO | Spremljeno 17080 batcheva... (Ukupno sekvenci: 17080)
2026-04-11 21:53:59,063 | INFO | Spremljeno 17090 batcheva... (Ukupno sekvenci: 17090)
2026-04-11 21:53:59,143 | INFO | Spremljeno 17100 batcheva... (Ukupno sekvenci: 17100)
2026-04-11 21:53:59,240 | INFO | Spremljeno 17110 batcheva... (Ukupno sekvenci: 17110)
2026-04-11 21:53:59,460 | INFO | Spremljeno 17120 batcheva... (Ukupno sekvenci: 17120)
2026-04-11 21:53:59,688 | INFO | Spremljeno 17130 batcheva... (Ukupno sekvenci: 17130)
2026-04-11 21:53:59,908 | INFO | Spremljeno 17140 batcheva... (Ukupno sekvenci: 17140)
2026-04-11 21:54:00,123 | INFO | Spremljeno 17150 batcheva... (Ukupno sekvenci: 17150)
2026-04-11 21:54:00,353 | INFO | Spremljeno 17160 batcheva... (Ukupno sekvenci: 17160)
2026-04-11 21:54:00,583 | INFO | Spremljeno 17170 batcheva... (Ukupno sekvenci: 17170)
2026-04-11 21:54:00,810 | INFO | Spremljeno 17180 batcheva... (Ukupno sekvenci: 17180)
2026-04-11 21:54:01,038 | INFO | Spremljeno 17190 batcheva... (Ukupno sekvenci: 17190)
2026-04-11 21:54:01,269 | INFO | Spremljeno 17200 batcheva... (Ukupno sekvenci: 17200)
2026-04-11 21:54:01,486 | INFO | Spremljeno 17210 batcheva... (Ukupno sekvenci: 17210)
2026-04-11 21:54:01,712 | INFO | Spremljeno 17220 batcheva... (Ukupno sekvenci: 17220)
2026-04-11 21:54:01,944 | INFO | Spremljeno 17230 batcheva... (Ukupno sekvenci: 17230)
2026-04-11 21:54:02,168 | INFO | Spremljeno 17240 batcheva... (Ukupno sekvenci: 17240)
2026-04-11 21:54:02,393 | INFO | Spremljeno 17250 batcheva... (Ukupno sekvenci: 17250)
2026-04-11 21:54:02,610 | INFO | Spremljeno 17260 batcheva... (Ukupno sekvenci: 17260)
2026-04-11 21:54:02,842 | INFO | Spremljeno 17270 batcheva... (Ukupno sekvenci: 17270)
2026-04-11 21:54:03,058 | INFO | Spremljeno 17280 batcheva... (Ukupno sekvenci: 17280)
2026-04-11 21:54:03,260 | INFO | Spremljeno 17290 batcheva... (Ukupno sekvenci: 17290)
2026-04-11 21:54:03,324 | INFO | Spremljeno 17300 batcheva... (Ukupno sekvenci: 17300)
2026-04-11 21:54:03,483 | INFO | Spremljeno 17310 batcheva... (Ukupno sekvenci: 17310)
2026-04-11 21:54:03,723 | INFO | Spremljeno 17320 batcheva... (Ukupno sekvenci: 17320)
2026-04-11 21:54:03,943 | INFO | Spremljeno 17330 batcheva... (Ukupno sekvenci: 17330)
2026-04-11 21:54:04,163 | INFO | Spremljeno 17340 batcheva... (Ukupno sekvenci: 17340)
2026-04-11 21:54:04,393 | INFO | Spremljeno 17350 batcheva... (Ukupno sekvenci: 17350)
2026-04-11 21:54:04,600 | INFO | Spremljeno 17360 batcheva... (Ukupno sekvenci: 17360)
2026-04-11 21:54:04,812 | INFO | Spremljeno 17370 batcheva... (Ukupno sekvenci: 17370)
2026-04-11 21:54:05,033 | INFO | Spremljeno 17380 batcheva... (Ukupno sekvenci: 17380)
2026-04-11 21:54:05,258 | INFO | Spremljeno 17390 batcheva... (Ukupno sekvenci: 17390)
2026-04-11 21:54:05,482 | INFO | Spremljeno 17400 batcheva... (Ukupno sekvenci: 17400)
2026-04-11 21:54:05,708 | INFO | Spremljeno 17410 batcheva... (Ukupno sekvenci: 17410)
2026-04-11 21:54:05,928 | INFO | Spremljeno 17420 batcheva... (Ukupno sekvenci: 17420)
2026-04-11 21:54:06,151 | INFO | Spremljeno 17430 batcheva... (Ukupno sekvenci: 17430)
2026-04-11 21:54:06,370 | INFO | Spremljeno 17440 batcheva... (Ukupno sekvenci: 17440)
2026-04-11 21:54:06,586 | INFO | Spremljeno 17450 batcheva... (Ukupno sekvenci: 17450)
2026-04-11 21:54:06,803 | INFO | Spremljeno 17460 batcheva... (Ukupno sekvenci: 17460)
2026-04-11 21:54:07,032 | INFO | Spremljeno 17470 batcheva... (Ukupno sekvenci: 17470)
2026-04-11 21:54:07,248 | INFO | Spremljeno 17480 batcheva... (Ukupno sekvenci: 17480)
2026-04-11 21:54:07,468 | INFO | Spremljeno 17490 batcheva... (Ukupno sekvenci: 17490)
2026-04-11 21:54:07,633 | INFO | Spremljeno 17500 batcheva... (Ukupno sekvenci: 17500)
2026-04-11 21:54:07,686 | INFO | Spremljeno 17510 batcheva... (Ukupno sekvenci: 17510)
2026-04-11 21:54:07,843 | INFO | Spremljeno 17520 batcheva... (Ukupno sekvenci: 17520)
2026-04-11 21:54:08,071 | INFO | Spremljeno 17530 batcheva... (Ukupno sekvenci: 17530)
2026-04-11 21:54:08,313 | INFO | Spremljeno 17540 batcheva... (Ukupno sekvenci: 17540)
2026-04-11 21:54:08,533 | INFO | Spremljeno 17550 batcheva... (Ukupno sekvenci: 17550)
2026-04-11 21:54:08,752 | INFO | Spremljeno 17560 batcheva... (Ukupno sekvenci: 17560)
2026-04-11 21:54:08,960 | INFO | Spremljeno 17570 batcheva... (Ukupno sekvenci: 17570)
2026-04-11 21:54:09,173 | INFO | Spremljeno 17580 batcheva... (Ukupno sekvenci: 17580)
2026-04-11 21:54:09,408 | INFO | Spremljeno 17590 batcheva... (Ukupno sekvenci: 17590)
2026-04-11 21:54:09,623 | INFO | Spremljeno 17600 batcheva... (Ukupno sekvenci: 17600)
2026-04-11 21:54:09,843 | INFO | Spremljeno 17610 batcheva... (Ukupno sekvenci: 17610)
2026-04-11 21:54:10,061 | INFO | Spremljeno 17620 batcheva... (Ukupno sekvenci: 17620)
2026-04-11 21:54:10,280 | INFO | Spremljeno 17630 batcheva... (Ukupno sekvenci: 17630)
2026-04-11 21:54:10,513 | INFO | Spremljeno 17640 batcheva... (Ukupno sekvenci: 17640)
2026-04-11 21:54:10,733 | INFO | Spremljeno 17650 batcheva... (Ukupno sekvenci: 17650)
2026-04-11 21:54:10,963 | INFO | Spremljeno 17660 batcheva... (Ukupno sekvenci: 17660)
2026-04-11 21:54:11,183 | INFO | Spremljeno 17670 batcheva... (Ukupno sekvenci: 17670)
2026-04-11 21:54:11,420 | INFO | Spremljeno 17680 batcheva... (Ukupno sekvenci: 17680)
2026-04-11 21:54:11,643 | INFO | Spremljeno 17690 batcheva... (Ukupno sekvenci: 17690)
2026-04-11 21:54:11,862 | INFO | Spremljeno 17700 batcheva... (Ukupno sekvenci: 17700)
2026-04-11 21:54:12,092 | INFO | Spremljeno 17710 batcheva... (Ukupno sekvenci: 17710)
2026-04-11 21:54:12,243 | INFO | Spremljeno 17720 batcheva... (Ukupno sekvenci: 17720)
2026-04-11 21:54:12,323 | INFO | Spremljeno 17730 batcheva... (Ukupno sekvenci: 17730)
2026-04-11 21:54:12,508 | INFO | Spremljeno 17740 batcheva... (Ukupno sekvenci: 17740)
2026-04-11 21:54:12,732 | INFO | Spremljeno 17750 batcheva... (Ukupno sekvenci: 17750)
2026-04-11 21:54:12,953 | INFO | Spremljeno 17760 batcheva... (Ukupno sekvenci: 17760)
2026-04-11 21:54:13,180 | INFO | Spremljeno 17770 batcheva... (Ukupno sekvenci: 17770)
2026-04-11 21:54:13,393 | INFO | Spremljeno 17780 batcheva... (Ukupno sekvenci: 17780)
2026-04-11 21:54:13,633 | INFO | Spremljeno 17790 batcheva... (Ukupno sekvenci: 17790)
2026-04-11 21:54:13,850 | INFO | Spremljeno 17800 batcheva... (Ukupno sekvenci: 17800)
2026-04-11 21:54:14,074 | INFO | Spremljeno 17810 batcheva... (Ukupno sekvenci: 17810)
2026-04-11 21:54:14,293 | INFO | Spremljeno 17820 batcheva... (Ukupno sekvenci: 17820)
2026-04-11 21:54:14,518 | INFO | Spremljeno 17830 batcheva... (Ukupno sekvenci: 17830)
2026-04-11 21:54:14,745 | INFO | Spremljeno 17840 batcheva... (Ukupno sekvenci: 17840)
2026-04-11 21:54:14,979 | INFO | Spremljeno 17850 batcheva... (Ukupno sekvenci: 17850)
2026-04-11 21:54:15,212 | INFO | Spremljeno 17860 batcheva... (Ukupno sekvenci: 17860)
2026-04-11 21:54:15,438 | INFO | Spremljeno 17870 batcheva... (Ukupno sekvenci: 17870)
2026-04-11 21:54:15,668 | INFO | Spremljeno 17880 batcheva... (Ukupno sekvenci: 17880)
2026-04-11 21:54:15,897 | INFO | Spremljeno 17890 batcheva... (Ukupno sekvenci: 17890)
2026-04-11 21:54:16,127 | INFO | Spremljeno 17900 batcheva... (Ukupno sekvenci: 17900)
2026-04-11 21:54:16,360 | INFO | Spremljeno 17910 batcheva... (Ukupno sekvenci: 17910)
2026-04-11 21:54:16,595 | INFO | Spremljeno 17920 batcheva... (Ukupno sekvenci: 17920)
2026-04-11 21:54:16,819 | INFO | Spremljeno 17930 batcheva... (Ukupno sekvenci: 17930)
2026-04-11 21:54:17,015 | INFO | Spremljeno 17940 batcheva... (Ukupno sekvenci: 17940)
2026-04-11 21:54:17,097 | INFO | Spremljeno 17950 batcheva... (Ukupno sekvenci: 17950)
2026-04-11 21:54:17,207 | INFO | Spremljeno 17960 batcheva... (Ukupno sekvenci: 17960)
2026-04-11 21:54:17,425 | INFO | Spremljeno 17970 batcheva... (Ukupno sekvenci: 17970)
2026-04-11 21:54:17,648 | INFO | Spremljeno 17980 batcheva... (Ukupno sekvenci: 17980)
2026-04-11 21:54:17,869 | INFO | Spremljeno 17990 batcheva... (Ukupno sekvenci: 17990)
2026-04-11 21:54:18,094 | INFO | Spremljeno 18000 batcheva... (Ukupno sekvenci: 18000)
2026-04-11 21:54:18,340 | INFO | Spremljeno 18010 batcheva... (Ukupno sekvenci: 18010)
2026-04-11 21:54:18,555 | INFO | Spremljeno 18020 batcheva... (Ukupno sekvenci: 18020)
2026-04-11 21:54:18,782 | INFO | Spremljeno 18030 batcheva... (Ukupno sekvenci: 18030)
2026-04-11 21:54:19,013 | INFO | Spremljeno 18040 batcheva... (Ukupno sekvenci: 18040)
2026-04-11 21:54:19,231 | INFO | Spremljeno 18050 batcheva... (Ukupno sekvenci: 18050)
2026-04-11 21:54:19,458 | INFO | Spremljeno 18060 batcheva... (Ukupno sekvenci: 18060)
2026-04-11 21:54:19,682 | INFO | Spremljeno 18070 batcheva... (Ukupno sekvenci: 18070)
2026-04-11 21:54:19,904 | INFO | Spremljeno 18080 batcheva... (Ukupno sekvenci: 18080)
2026-04-11 21:54:20,129 | INFO | Spremljeno 18090 batcheva... (Ukupno sekvenci: 18090)
2026-04-11 21:54:20,347 | INFO | Spremljeno 18100 batcheva... (Ukupno sekvenci: 18100)
2026-04-11 21:54:20,565 | INFO | Spremljeno 18110 batcheva... (Ukupno sekvenci: 18110)
2026-04-11 21:54:20,788 | INFO | Spremljeno 18120 batcheva... (Ukupno sekvenci: 18120)
2026-04-11 21:54:20,999 | INFO | Spremljeno 18130 batcheva... (Ukupno sekvenci: 18130)
2026-04-11 21:54:21,224 | INFO | Spremljeno 18140 batcheva... (Ukupno sekvenci: 18140)
2026-04-11 21:54:21,519 | INFO | Spremljeno 18150 batcheva... (Ukupno sekvenci: 18150)
2026-04-11 21:54:21,742 | INFO | Spremljeno 18160 batcheva... (Ukupno sekvenci: 18160)
2026-04-11 21:54:21,966 | INFO | Spremljeno 18170 batcheva... (Ukupno sekvenci: 18170)
2026-04-11 21:54:22,099 | INFO | Spremljeno 18180 batcheva... (Ukupno sekvenci: 18180)
2026-04-11 21:54:22,236 | INFO | Spremljeno 18190 batcheva... (Ukupno sekvenci: 18190)
2026-04-11 21:54:22,458 | INFO | Spremljeno 18200 batcheva... (Ukupno sekvenci: 18200)
2026-04-11 21:54:22,684 | INFO | Spremljeno 18210 batcheva... (Ukupno sekvenci: 18210)
2026-04-11 21:54:22,908 | INFO | Spremljeno 18220 batcheva... (Ukupno sekvenci: 18220)
2026-04-11 21:54:23,116 | INFO | Spremljeno 18230 batcheva... (Ukupno sekvenci: 18230)
2026-04-11 21:54:23,342 | INFO | Spremljeno 18240 batcheva... (Ukupno sekvenci: 18240)
2026-04-11 21:54:23,565 | INFO | Spremljeno 18250 batcheva... (Ukupno sekvenci: 18250)
2026-04-11 21:54:23,787 | INFO | Spremljeno 18260 batcheva... (Ukupno sekvenci: 18260)
2026-04-11 21:54:24,006 | INFO | Spremljeno 18270 batcheva... (Ukupno sekvenci: 18270)
2026-04-11 21:54:24,234 | INFO | Spremljeno 18280 batcheva... (Ukupno sekvenci: 18280)
2026-04-11 21:54:24,456 | INFO | Spremljeno 18290 batcheva... (Ukupno sekvenci: 18290)
2026-04-11 21:54:24,681 | INFO | Spremljeno 18300 batcheva... (Ukupno sekvenci: 18300)
2026-04-11 21:54:24,902 | INFO | Spremljeno 18310 batcheva... (Ukupno sekvenci: 18310)
2026-04-11 21:54:25,121 | INFO | Spremljeno 18320 batcheva... (Ukupno sekvenci: 18320)
2026-04-11 21:54:25,353 | INFO | Spremljeno 18330 batcheva... (Ukupno sekvenci: 18330)
2026-04-11 21:54:25,579 | INFO | Spremljeno 18340 batcheva... (Ukupno sekvenci: 18340)
2026-04-11 21:54:25,791 | INFO | Spremljeno 18350 batcheva... (Ukupno sekvenci: 18350)
2026-04-11 21:54:26,012 | INFO | Spremljeno 18360 batcheva... (Ukupno sekvenci: 18360)
2026-04-11 21:54:26,237 | INFO | Spremljeno 18370 batcheva... (Ukupno sekvenci: 18370)
2026-04-11 21:54:26,455 | INFO | Spremljeno 18380 batcheva... (Ukupno sekvenci: 18380)
2026-04-11 21:54:26,679 | INFO | Spremljeno 18390 batcheva... (Ukupno sekvenci: 18390)
2026-04-11 21:54:26,907 | INFO | Spremljeno 18400 batcheva... (Ukupno sekvenci: 18400)
2026-04-11 21:54:27,142 | INFO | Spremljeno 18410 batcheva... (Ukupno sekvenci: 18410)
2026-04-11 21:54:27,251 | INFO | Spremljeno 18420 batcheva... (Ukupno sekvenci: 18420)
2026-04-11 21:54:27,395 | INFO | Spremljeno 18430 batcheva... (Ukupno sekvenci: 18430)
2026-04-11 21:54:27,623 | INFO | Spremljeno 18440 batcheva... (Ukupno sekvenci: 18440)
2026-04-11 21:54:27,856 | INFO | Spremljeno 18450 batcheva... (Ukupno sekvenci: 18450)
2026-04-11 21:54:28,077 | INFO | Spremljeno 18460 batcheva... (Ukupno sekvenci: 18460)
2026-04-11 21:54:28,283 | INFO | Spremljeno 18470 batcheva... (Ukupno sekvenci: 18470)
2026-04-11 21:54:28,499 | INFO | Spremljeno 18480 batcheva... (Ukupno sekvenci: 18480)
2026-04-11 21:54:28,727 | INFO | Spremljeno 18490 batcheva... (Ukupno sekvenci: 18490)
2026-04-11 21:54:28,950 | INFO | Spremljeno 18500 batcheva... (Ukupno sekvenci: 18500)
2026-04-11 21:54:29,171 | INFO | Spremljeno 18510 batcheva... (Ukupno sekvenci: 18510)
2026-04-11 21:54:29,402 | INFO | Spremljeno 18520 batcheva... (Ukupno sekvenci: 18520)
2026-04-11 21:54:29,620 | INFO | Spremljeno 18530 batcheva... (Ukupno sekvenci: 18530)
2026-04-11 21:54:29,847 | INFO | Spremljeno 18540 batcheva... (Ukupno sekvenci: 18540)
2026-04-11 21:54:30,066 | INFO | Spremljeno 18550 batcheva... (Ukupno sekvenci: 18550)
2026-04-11 21:54:30,295 | INFO | Spremljeno 18560 batcheva... (Ukupno sekvenci: 18560)
2026-04-11 21:54:30,528 | INFO | Spremljeno 18570 batcheva... (Ukupno sekvenci: 18570)
2026-04-11 21:54:30,759 | INFO | Spremljeno 18580 batcheva... (Ukupno sekvenci: 18580)
2026-04-11 21:54:30,992 | INFO | Spremljeno 18590 batcheva... (Ukupno sekvenci: 18590)
2026-04-11 21:54:31,217 | INFO | Spremljeno 18600 batcheva... (Ukupno sekvenci: 18600)
2026-04-11 21:54:31,457 | INFO | Spremljeno 18610 batcheva... (Ukupno sekvenci: 18610)
2026-04-11 21:54:31,681 | INFO | Spremljeno 18620 batcheva... (Ukupno sekvenci: 18620)
2026-04-11 21:54:31,919 | INFO | Spremljeno 18630 batcheva... (Ukupno sekvenci: 18630)
2026-04-11 21:54:32,147 | INFO | Spremljeno 18640 batcheva... (Ukupno sekvenci: 18640)
2026-04-11 21:54:32,376 | INFO | Spremljeno 18650 batcheva... (Ukupno sekvenci: 18650)
2026-04-11 21:54:32,595 | INFO | Spremljeno 18660 batcheva... (Ukupno sekvenci: 18660)
2026-04-11 21:54:32,733 | INFO | Spremljeno 18670 batcheva... (Ukupno sekvenci: 18670)
2026-04-11 21:54:32,828 | INFO | Spremljeno 18680 batcheva... (Ukupno sekvenci: 18680)
2026-04-11 21:54:32,886 | INFO | Spremljeno 18690 batcheva... (Ukupno sekvenci: 18690)
2026-04-11 21:54:32,973 | INFO | Spremljeno 18700 batcheva... (Ukupno sekvenci: 18700)
2026-04-11 21:54:33,165 | INFO | Spremljeno 18710 batcheva... (Ukupno sekvenci: 18710)
2026-04-11 21:54:33,383 | INFO | Spremljeno 18720 batcheva... (Ukupno sekvenci: 18720)
2026-04-11 21:54:33,606 | INFO | Spremljeno 18730 batcheva... (Ukupno sekvenci: 18730)
2026-04-11 21:54:33,834 | INFO | Spremljeno 18740 batcheva... (Ukupno sekvenci: 18740)
2026-04-11 21:54:34,050 | INFO | Spremljeno 18750 batcheva... (Ukupno sekvenci: 18750)
2026-04-11 21:54:34,278 | INFO | Spremljeno 18760 batcheva... (Ukupno sekvenci: 18760)
2026-04-11 21:54:34,493 | INFO | Spremljeno 18770 batcheva... (Ukupno sekvenci: 18770)
2026-04-11 21:54:34,717 | INFO | Spremljeno 18780 batcheva... (Ukupno sekvenci: 18780)
2026-04-11 21:54:34,949 | INFO | Spremljeno 18790 batcheva... (Ukupno sekvenci: 18790)
2026-04-11 21:54:35,167 | INFO | Spremljeno 18800 batcheva... (Ukupno sekvenci: 18800)
2026-04-11 21:54:35,392 | INFO | Spremljeno 18810 batcheva... (Ukupno sekvenci: 18810)
2026-04-11 21:54:35,622 | INFO | Spremljeno 18820 batcheva... (Ukupno sekvenci: 18820)
2026-04-11 21:54:35,850 | INFO | Spremljeno 18830 batcheva... (Ukupno sekvenci: 18830)
2026-04-11 21:54:36,071 | INFO | Spremljeno 18840 batcheva... (Ukupno sekvenci: 18840)
2026-04-11 21:54:36,294 | INFO | Spremljeno 18850 batcheva... (Ukupno sekvenci: 18850)
2026-04-11 21:54:36,515 | INFO | Spremljeno 18860 batcheva... (Ukupno sekvenci: 18860)
2026-04-11 21:54:36,750 | INFO | Spremljeno 18870 batcheva... (Ukupno sekvenci: 18870)
2026-04-11 21:54:36,971 | INFO | Spremljeno 18880 batcheva... (Ukupno sekvenci: 18880)
2026-04-11 21:54:37,199 | INFO | Spremljeno 18890 batcheva... (Ukupno sekvenci: 18890)
2026-04-11 21:54:37,432 | INFO | Spremljeno 18900 batcheva... (Ukupno sekvenci: 18900)
2026-04-11 21:54:37,651 | INFO | Spremljeno 18910 batcheva... (Ukupno sekvenci: 18910)
2026-04-11 21:54:37,872 | INFO | Spremljeno 18920 batcheva... (Ukupno sekvenci: 18920)
2026-04-11 21:54:38,096 | INFO | Spremljeno 18930 batcheva... (Ukupno sekvenci: 18930)
2026-04-11 21:54:38,326 | INFO | Spremljeno 18940 batcheva... (Ukupno sekvenci: 18940)
2026-04-11 21:54:38,545 | INFO | Spremljeno 18950 batcheva... (Ukupno sekvenci: 18950)
2026-04-11 21:54:38,736 | INFO | Spremljeno 18960 batcheva... (Ukupno sekvenci: 18960)
2026-04-11 21:54:38,834 | INFO | Spremljeno 18970 batcheva... (Ukupno sekvenci: 18970)
2026-04-11 21:54:38,975 | INFO | Spremljeno 18980 batcheva... (Ukupno sekvenci: 18980)
2026-04-11 21:54:39,169 | INFO | Spremljeno 18990 batcheva... (Ukupno sekvenci: 18990)
2026-04-11 21:54:39,388 | INFO | Spremljeno 19000 batcheva... (Ukupno sekvenci: 19000)
2026-04-11 21:54:39,617 | INFO | Spremljeno 19010 batcheva... (Ukupno sekvenci: 19010)
2026-04-11 21:54:39,836 | INFO | Spremljeno 19020 batcheva... (Ukupno sekvenci: 19020)
2026-04-11 21:54:40,061 | INFO | Spremljeno 19030 batcheva... (Ukupno sekvenci: 19030)
2026-04-11 21:54:40,267 | INFO | Spremljeno 19040 batcheva... (Ukupno sekvenci: 19040)
2026-04-11 21:54:40,483 | INFO | Spremljeno 19050 batcheva... (Ukupno sekvenci: 19050)
2026-04-11 21:54:40,697 | INFO | Spremljeno 19060 batcheva... (Ukupno sekvenci: 19060)
2026-04-11 21:54:40,903 | INFO | Spremljeno 19070 batcheva... (Ukupno sekvenci: 19070)
2026-04-11 21:54:41,118 | INFO | Spremljeno 19080 batcheva... (Ukupno sekvenci: 19080)
2026-04-11 21:54:41,333 | INFO | Spremljeno 19090 batcheva... (Ukupno sekvenci: 19090)
2026-04-11 21:54:41,552 | INFO | Spremljeno 19100 batcheva... (Ukupno sekvenci: 19100)
2026-04-11 21:54:41,774 | INFO | Spremljeno 19110 batcheva... (Ukupno sekvenci: 19110)
2026-04-11 21:54:42,002 | INFO | Spremljeno 19120 batcheva... (Ukupno sekvenci: 19120)
2026-04-11 21:54:42,213 | INFO | Spremljeno 19130 batcheva... (Ukupno sekvenci: 19130)
2026-04-11 21:54:42,439 | INFO | Spremljeno 19140 batcheva... (Ukupno sekvenci: 19140)
2026-04-11 21:54:42,664 | INFO | Spremljeno 19150 batcheva... (Ukupno sekvenci: 19150)
2026-04-11 21:54:42,884 | INFO | Spremljeno 19160 batcheva... (Ukupno sekvenci: 19160)
2026-04-11 21:54:43,104 | INFO | Spremljeno 19170 batcheva... (Ukupno sekvenci: 19170)
2026-04-11 21:54:43,326 | INFO | Spremljeno 19180 batcheva... (Ukupno sekvenci: 19180)
2026-04-11 21:54:43,551 | INFO | Spremljeno 19190 batcheva... (Ukupno sekvenci: 19190)
2026-04-11 21:54:43,770 | INFO | Spremljeno 19200 batcheva... (Ukupno sekvenci: 19200)
2026-04-11 21:54:43,994 | INFO | Spremljeno 19210 batcheva... (Ukupno sekvenci: 19210)
2026-04-11 21:54:44,216 | INFO | Spremljeno 19220 batcheva... (Ukupno sekvenci: 19220)
2026-04-11 21:54:44,445 | INFO | Spremljeno 19230 batcheva... (Ukupno sekvenci: 19230)
2026-04-11 21:54:44,676 | INFO | Spremljeno 19240 batcheva... (Ukupno sekvenci: 19240)
2026-04-11 21:54:44,897 | INFO | Spremljeno 19250 batcheva... (Ukupno sekvenci: 19250)
2026-04-11 21:54:45,065 | INFO | Spremljeno 19260 batcheva... (Ukupno sekvenci: 19260)
2026-04-11 21:54:45,157 | INFO | Spremljeno 19270 batcheva... (Ukupno sekvenci: 19270)
2026-04-11 21:54:45,378 | INFO | Spremljeno 19280 batcheva... (Ukupno sekvenci: 19280)
2026-04-11 21:54:45,601 | INFO | Spremljeno 19290 batcheva... (Ukupno sekvenci: 19290)
2026-04-11 21:54:45,826 | INFO | Spremljeno 19300 batcheva... (Ukupno sekvenci: 19300)
2026-04-11 21:54:46,038 | INFO | Spremljeno 19310 batcheva... (Ukupno sekvenci: 19310)
2026-04-11 21:54:46,250 | INFO | Spremljeno 19320 batcheva... (Ukupno sekvenci: 19320)
2026-04-11 21:54:46,470 | INFO | Spremljeno 19330 batcheva... (Ukupno sekvenci: 19330)
2026-04-11 21:54:46,688 | INFO | Spremljeno 19340 batcheva... (Ukupno sekvenci: 19340)
2026-04-11 21:54:46,910 | INFO | Spremljeno 19350 batcheva... (Ukupno sekvenci: 19350)
2026-04-11 21:54:47,139 | INFO | Spremljeno 19360 batcheva... (Ukupno sekvenci: 19360)
2026-04-11 21:54:47,359 | INFO | Spremljeno 19370 batcheva... (Ukupno sekvenci: 19370)
2026-04-11 21:54:47,588 | INFO | Spremljeno 19380 batcheva... (Ukupno sekvenci: 19380)
2026-04-11 21:54:47,816 | INFO | Spremljeno 19390 batcheva... (Ukupno sekvenci: 19390)
2026-04-11 21:54:48,036 | INFO | Spremljeno 19400 batcheva... (Ukupno sekvenci: 19400)
2026-04-11 21:54:48,272 | INFO | Spremljeno 19410 batcheva... (Ukupno sekvenci: 19410)
2026-04-11 21:54:48,500 | INFO | Spremljeno 19420 batcheva... (Ukupno sekvenci: 19420)
2026-04-11 21:54:48,716 | INFO | Spremljeno 19430 batcheva... (Ukupno sekvenci: 19430)
2026-04-11 21:54:48,928 | INFO | Spremljeno 19440 batcheva... (Ukupno sekvenci: 19440)
2026-04-11 21:54:49,146 | INFO | Spremljeno 19450 batcheva... (Ukupno sekvenci: 19450)
2026-04-11 21:54:49,385 | INFO | Spremljeno 19460 batcheva... (Ukupno sekvenci: 19460)
2026-04-11 21:54:49,603 | INFO | Spremljeno 19470 batcheva... (Ukupno sekvenci: 19470)
2026-04-11 21:54:49,833 | INFO | Spremljeno 19480 batcheva... (Ukupno sekvenci: 19480)
2026-04-11 21:54:50,050 | INFO | Spremljeno 19490 batcheva... (Ukupno sekvenci: 19490)
2026-04-11 21:54:50,274 | INFO | Spremljeno 19500 batcheva... (Ukupno sekvenci: 19500)
2026-04-11 21:54:50,494 | INFO | Spremljeno 19510 batcheva... (Ukupno sekvenci: 19510)
2026-04-11 21:54:50,721 | INFO | Spremljeno 19520 batcheva... (Ukupno sekvenci: 19520)
2026-04-11 21:54:50,948 | INFO | Spremljeno 19530 batcheva... (Ukupno sekvenci: 19530)
2026-04-11 21:54:51,173 | INFO | Spremljeno 19540 batcheva... (Ukupno sekvenci: 19540)
2026-04-11 21:54:51,390 | INFO | Spremljeno 19550 batcheva... (Ukupno sekvenci: 19550)
2026-04-11 21:54:51,596 | INFO | Spremljeno 19560 batcheva... (Ukupno sekvenci: 19560)
2026-04-11 21:54:51,679 | INFO | Spremljeno 19570 batcheva... (Ukupno sekvenci: 19570)
2026-04-11 21:54:51,745 | INFO | Spremljeno 19580 batcheva... (Ukupno sekvenci: 19580)
2026-04-11 21:54:51,889 | INFO | Spremljeno 19590 batcheva... (Ukupno sekvenci: 19590)
2026-04-11 21:54:51,983 | INFO | Spremljeno 19600 batcheva... (Ukupno sekvenci: 19600)
2026-04-11 21:54:52,061 | INFO | Spremljeno 19610 batcheva... (Ukupno sekvenci: 19610)
2026-04-11 21:54:52,153 | INFO | Spremljeno 19620 batcheva... (Ukupno sekvenci: 19620)
2026-04-11 21:54:52,367 | INFO | Spremljeno 19630 batcheva... (Ukupno sekvenci: 19630)
2026-04-11 21:54:52,595 | INFO | Spremljeno 19640 batcheva... (Ukupno sekvenci: 19640)
2026-04-11 21:54:52,819 | INFO | Spremljeno 19650 batcheva... (Ukupno sekvenci: 19650)
2026-04-11 21:54:53,044 | INFO | Spremljeno 19660 batcheva... (Ukupno sekvenci: 19660)
2026-04-11 21:54:53,248 | INFO | Spremljeno 19670 batcheva... (Ukupno sekvenci: 19670)
2026-04-11 21:54:53,329 | INFO | Spremljeno 19680 batcheva... (Ukupno sekvenci: 19680)
2026-04-11 21:54:53,429 | INFO | Spremljeno 19690 batcheva... (Ukupno sekvenci: 19690)
2026-04-11 21:54:53,576 | INFO | Spremljeno 19700 batcheva... (Ukupno sekvenci: 19700)
2026-04-11 21:54:53,680 | INFO | Spremljeno 19710 batcheva... (Ukupno sekvenci: 19710)
2026-04-11 21:54:53,808 | INFO | Spremljeno 19720 batcheva... (Ukupno sekvenci: 19720)
2026-04-11 21:54:53,969 | INFO | Spremljeno 19730 batcheva... (Ukupno sekvenci: 19730)
2026-04-11 21:54:54,057 | INFO | Spremljeno 19740 batcheva... (Ukupno sekvenci: 19740)
2026-04-11 21:54:54,061 | INFO | === GOTOVO ===
2026-04-11 21:54:54,061 | INFO | Ukupno kreirano sekvenci: 19740
2026-04-11 21:54:54,061 | INFO | Prosječno sekvenci po lokaciji: 6.55
2026-04-11 21:54:54,061 | INFO | Svi batchevi su u: D:\copernicus-zagreb\data\batches_train
